Workbook
Name parms: Data!$L$2:$S$48

Sheet Overview
P1: Week | Q1: tv.fifi | R1: vod.fifi | S1: display.fifi | T1: influencer.fifi | U1: social.display.fifi | V1: social.video.fifi | W1: content.fifi | X1: generic | Y1: tv.cofi | Z1: display.cofi | AA1: social.video.cofi | AB1: vod.cofi | AC1: dooh.cofi | AD1: tv.refi | AE1: social.video.refi | AF1: vod.refi | AG1: search.umb | AH1: social.display.umb | AI1: social.video.umb | AJ1: display.umb | AK1: vod.umb | AL1: tv.umb | AM1: SUM | AN1: Ref | AP1: Scenario | AQ1: Net revenue | AS1: Media | AT1: Unconstrained | AU1: Current allocation | AW1: Product | AX1: Unconstrained | AY1: Current allocation
P2: Week_01 | Q2: =SUMIFS(Opt_uncon!$Q:$Q,Opt_uncon!$A:$A,$P2,Opt_uncon!$C:$C,Q$1) -> 71471.962 | R2: =SUMIFS(Opt_uncon!$Q:$Q,Opt_uncon!$A:$A,$P2,Opt_uncon!$C:$C,R$1) -> 11239.791 | S2: =SUMIFS(Opt_uncon!$Q:$Q,Opt_uncon!$A:$A,$P2,Opt_uncon!$C:$C,S$1) -> 0 | T2: =SUMIFS(Opt_uncon!$Q:$Q,Opt_uncon!$A:$A,$P2,Opt_uncon!$C:$C,T$1) -> 0 | U2: =SUMIFS(Opt_uncon!$Q:$Q,Opt_uncon!$A:$A,$P2,Opt_uncon!$C:$C,U$1) -> 0 | V2: =SUMIFS(Opt_uncon!$Q:$Q,Opt_uncon!$A:$A,$P2,Opt_uncon!$C:$C,V$1) -> 0 | W2: =SUMIFS(Opt_uncon!$Q:$Q,Opt_uncon!$A:$A,$P2,Opt_uncon!$C:$C,W$1) -> 0 | X2: =SUMIFS(Opt_uncon!$Q:$Q,Opt_uncon!$A:$A,$P2,Opt_uncon!$C:$C,X$1) -> 0 | ... AL2: =SUMIFS(Opt_uncon!$Q:$Q,Opt_uncon!$A:$A,$P2,Opt_uncon!$C:$C,AL$1) -> 0 | AM2: =SUM(Q2:AL2) -> 179764.87 | AN2: =SUMIFS(Opt_current!Q:Q,Opt_current!A:A,P2) -> 912.39 | AP2: Unconstrained | AQ2: =Opt_uncon!S2871 -> 17970119 | AS2: tv.fifi | AT2: =Opt_uncon!Q2847 -> 1384729.2 | AU2: =Opt_current!Q2847 -> 726517.95 | AW2: FiFi | AX2: =Opt_uncon!Q2842 -> 1803328.1 | AY2: =Opt_current!Q2842 -> 1391400.1
P3: Week_02 | Q3: =SUMIFS(Opt_uncon!$Q:$Q,Opt_uncon!$A:$A,$P3,Opt_uncon!$C:$C,Q$1) -> 69864.76 | R3: =SUMIFS(Opt_uncon!$Q:$Q,Opt_uncon!$A:$A,$P3,Opt_uncon!$C:$C,R$1) -> 9482.1055 | S3: =SUMIFS(Opt_uncon!$Q:$Q,Opt_uncon!$A:$A,$P3,Opt_uncon!$C:$C,S$1) -> 0 | T3: =SUMIFS(Opt_uncon!$Q:$Q,Opt_uncon!$A:$A,$P3,Opt_uncon!$C:$C,T$1) -> 0 | U3: =SUMIFS(Opt_uncon!$Q:$Q,Opt_uncon!$A:$A,$P3,Opt_uncon!$C:$C,U$1) -> 44.358017 | V3: =SUMIFS(Opt_uncon!$Q:$Q,Opt_uncon!$A:$A,$P3,Opt_uncon!$C:$C,V$1) -> 0 | W3: =SUMIFS(Opt_uncon!$Q:$Q,Opt_uncon!$A:$A,$P3,Opt_uncon!$C:$C,W$1) -> 0 | X3: =SUMIFS(Opt_uncon!$Q:$Q,Opt_uncon!$A:$A,$P3,Opt_uncon!$C:$C,X$1) -> 0 | ... AL3: =SUMIFS(Opt_uncon!$Q:$Q,Opt_uncon!$A:$A,$P3,Opt_uncon!$C:$C,AL$1) -> 0 | AM3: =SUM(Q3:AL3) -> 260483.38 | AN3: =SUMIFS(Opt_current!Q:Q,Opt_current!A:A,P3) -> 167262.8 | AP3: Partially constrained | AQ3: =Opt_partial!S2871 -> 17684061 | AS3: vod.fifi | AT3: =Opt_uncon!Q2848 -> 406285.69 | AU3: =Opt_current!Q2848 -> 484480.75 | AW3: CoFi | AX3: =Opt_uncon!Q2843 -> 696298.72 | AY3: =Opt_current!Q2843 -> 1175354.6
P4: Week_03 | Q4: =SUMIFS(Opt_uncon!$Q:$Q,Opt_uncon!$A:$A,$P4,Opt_uncon!$C:$C,Q$1) -> 11944.44 | R4: =SUMIFS(Opt_uncon!$Q:$Q,Opt_uncon!$A:$A,$P4,Opt_uncon!$C:$C,R$1) -> 8215.5392 | S4: =SUMIFS(Opt_uncon!$Q:$Q,Opt_uncon!$A:$A,$P4,Opt_uncon!$C:$C,S$1) -> 0 | T4: =SUMIFS(Opt_uncon!$Q:$Q,Opt_uncon!$A:$A,$P4,Opt_uncon!$C:$C,T$1) -> 0 | U4: =SUMIFS(Opt_uncon!$Q:$Q,Opt_uncon!$A:$A,$P4,Opt_uncon!$C:$C,U$1) -> 0 | V4: =SUMIFS(Opt_uncon!$Q:$Q,Opt_uncon!$A:$A,$P4,Opt_uncon!$C:$C,V$1) -> 0 | W4: =SUMIFS(Opt_uncon!$Q:$Q,Opt_uncon!$A:$A,$P4,Opt_uncon!$C:$C,W$1) -> 0 | X4: =SUMIFS(Opt_uncon!$Q:$Q,Opt_uncon!$A:$A,$P4,Opt_uncon!$C:$C,X$1) -> 0 | ... AL4: =SUMIFS(Opt_uncon!$Q:$Q,Opt_uncon!$A:$A,$P4,Opt_uncon!$C:$C,AL$1) -> 0 | AM4: =SUM(Q4:AL4) -> 52041.946 | AN4: =SUMIFS(Opt_current!Q:Q,Opt_current!A:A,P4) -> 145659.7 | AP4: Current allocation | AQ4: =Opt_current!S2871 -> 11136074 | AS4: display.fifi | AT4: =Opt_uncon!Q2849 -> 0 | AU4: =Opt_current!Q2849 -> 60893.968 | AW4: ReFi | AX4: =Opt_uncon!Q2844 -> 1285466.7 | AY4: =Opt_current!Q2844 -> 1259749.3
P5: Week_04 | Q5: =SUMIFS(Opt_uncon!$Q:$Q,Opt_uncon!$A:$A,$P5,Opt_uncon!$C:$C,Q$1) -> 31953.064 | R5: =SUMIFS(Opt_uncon!$Q:$Q,Opt_uncon!$A:$A,$P5,Opt_uncon!$C:$C,R$1) -> 6785.4142 | S5: =SUMIFS(Opt_uncon!$Q:$Q,Opt_uncon!$A:$A,$P5,Opt_uncon!$C:$C,S$1) -> 0 | T5: =SUMIFS(Opt_uncon!$Q:$Q,Opt_uncon!$A:$A,$P5,Opt_uncon!$C:$C,T$1) -> 0 | U5: =SUMIFS(Opt_uncon!$Q:$Q,Opt_uncon!$A:$A,$P5,Opt_uncon!$C:$C,U$1) -> 0 | V5: =SUMIFS(Opt_uncon!$Q:$Q,Opt_uncon!$A:$A,$P5,Opt_uncon!$C:$C,V$1) -> 0 | W5: =SUMIFS(Opt_uncon!$Q:$Q,Opt_uncon!$A:$A,$P5,Opt_uncon!$C:$C,W$1) -> 0 | X5: =SUMIFS(Opt_uncon!$Q:$Q,Opt_uncon!$A:$A,$P5,Opt_uncon!$C:$C,X$1) -> 0 | ... AL5: =SUMIFS(Opt_uncon!$Q:$Q,Opt_uncon!$A:$A,$P5,Opt_uncon!$C:$C,AL$1) -> 0 | AM5: =SUM(Q5:AL5) -> 94047.912 | AN5: =SUMIFS(Opt_current!Q:Q,Opt_current!A:A,P5) -> 141289.74 | AS5: influencer.fifi | AT5: =Opt_uncon!Q2850 -> 0 | AU5: =Opt_current!Q2850 -> 0 | AW5: Umbrella | AX5: =Opt_uncon!Q2845 -> 930493.09 | AY5: =Opt_current!Q2845 -> 889081.4
P6: Week_05 | Q6: =SUMIFS(Opt_uncon!$Q:$Q,Opt_uncon!$A:$A,$P6,Opt_uncon!$C:$C,Q$1) -> 18929.073 | R6: =SUMIFS(Opt_uncon!$Q:$Q,Opt_uncon!$A:$A,$P6,Opt_uncon!$C:$C,R$1) -> 8050.0596 | S6: =SUMIFS(Opt_uncon!$Q:$Q,Opt_uncon!$A:$A,$P6,Opt_uncon!$C:$C,S$1) -> 0 | T6: =SUMIFS(Opt_uncon!$Q:$Q,Opt_uncon!$A:$A,$P6,Opt_uncon!$C:$C,T$1) -> 0 | U6: =SUMIFS(Opt_uncon!$Q:$Q,Opt_uncon!$A:$A,$P6,Opt_uncon!$C:$C,U$1) -> 0 | V6: =SUMIFS(Opt_uncon!$Q:$Q,Opt_uncon!$A:$A,$P6,Opt_uncon!$C:$C,V$1) -> 0 | W6: =SUMIFS(Opt_uncon!$Q:$Q,Opt_uncon!$A:$A,$P6,Opt_uncon!$C:$C,W$1) -> 0 | X6: =SUMIFS(Opt_uncon!$Q:$Q,Opt_uncon!$A:$A,$P6,Opt_uncon!$C:$C,X$1) -> 0 | ... AL6: =SUMIFS(Opt_uncon!$Q:$Q,Opt_uncon!$A:$A,$P6,Opt_uncon!$C:$C,AL$1) -> 0 | AM6: =SUM(Q6:AL6) -> 98054.871 | AN6: =SUMIFS(Opt_current!Q:Q,Opt_current!A:A,P6) -> 89536.126 | AS6: social.display.fifi | AT6: =Opt_uncon!Q2851 -> 4544.4463 | AU6: =Opt_current!Q2851 -> 3000 | AX6: Unconstrained | AY6: Current allocation | AZ6: Delta
P7: Week_06 | Q7: =SUMIFS(Opt_uncon!$Q:$Q,Opt_uncon!$A:$A,$P7,Opt_uncon!$C:$C,Q$1) -> 19946.281 | R7: =SUMIFS(Opt_uncon!$Q:$Q,Opt_uncon!$A:$A,$P7,Opt_uncon!$C:$C,R$1) -> 6551.1358 | S7: =SUMIFS(Opt_uncon!$Q:$Q,Opt_uncon!$A:$A,$P7,Opt_uncon!$C:$C,S$1) -> 0 | T7: =SUMIFS(Opt_uncon!$Q:$Q,Opt_uncon!$A:$A,$P7,Opt_uncon!$C:$C,T$1) -> 0 | U7: =SUMIFS(Opt_uncon!$Q:$Q,Opt_uncon!$A:$A,$P7,Opt_uncon!$C:$C,U$1) -> 0 | V7: =SUMIFS(Opt_uncon!$Q:$Q,Opt_uncon!$A:$A,$P7,Opt_uncon!$C:$C,V$1) -> 0 | W7: =SUMIFS(Opt_uncon!$Q:$Q,Opt_uncon!$A:$A,$P7,Opt_uncon!$C:$C,W$1) -> 0 | X7: =SUMIFS(Opt_uncon!$Q:$Q,Opt_uncon!$A:$A,$P7,Opt_uncon!$C:$C,X$1) -> 0 | ... AL7: =SUMIFS(Opt_uncon!$Q:$Q,Opt_uncon!$A:$A,$P7,Opt_uncon!$C:$C,AL$1) -> 0 | AM7: =SUM(Q7:AL7) -> 107257.64 | AN7: =SUMIFS(Opt_current!Q:Q,Opt_current!A:A,P7) -> 255333.94 | AS7: social.video.fifi | AT7: =Opt_uncon!Q2852 -> 7768.77 | AU7: =Opt_current!Q2852 -> 76507.4 | AW7: =AW2 -> FiFi | AX7: =AX2/1000 -> 1803.3281 | AY7: =AY2/1000 -> 1391.4001 | AZ7: =AX7-AY7 -> 411.92803
P8: Week_07 | Q8: =SUMIFS(Opt_uncon!$Q:$Q,Opt_uncon!$A:$A,$P8,Opt_uncon!$C:$C,Q$1) -> 50408.301 | R8: =SUMIFS(Opt_uncon!$Q:$Q,Opt_uncon!$A:$A,$P8,Opt_uncon!$C:$C,R$1) -> 10434.398 | S8: =SUMIFS(Opt_uncon!$Q:$Q,Opt_uncon!$A:$A,$P8,Opt_uncon!$C:$C,S$1) -> 0 | T8: =SUMIFS(Opt_uncon!$Q:$Q,Opt_uncon!$A:$A,$P8,Opt_uncon!$C:$C,T$1) -> 0 | U8: =SUMIFS(Opt_uncon!$Q:$Q,Opt_uncon!$A:$A,$P8,Opt_uncon!$C:$C,U$1) -> 389.51735 | V8: =SUMIFS(Opt_uncon!$Q:$Q,Opt_uncon!$A:$A,$P8,Opt_uncon!$C:$C,V$1) -> 505.42586 | W8: =SUMIFS(Opt_uncon!$Q:$Q,Opt_uncon!$A:$A,$P8,Opt_uncon!$C:$C,W$1) -> 0 | X8: =SUMIFS(Opt_uncon!$Q:$Q,Opt_uncon!$A:$A,$P8,Opt_uncon!$C:$C,X$1) -> 0 | ... AL8: =SUMIFS(Opt_uncon!$Q:$Q,Opt_uncon!$A:$A,$P8,Opt_uncon!$C:$C,AL$1) -> 0 | AM8: =SUM(Q8:AL8) -> 89013.922 | AN8: =SUMIFS(Opt_current!Q:Q,Opt_current!A:A,P8) -> 29802.471 | AS8: content.fifi | AT8: =Opt_uncon!Q2853 -> 0 | AU8: =Opt_current!Q2853 -> 40000 | AW8: =AW3 -> CoFi | AX8: =AX3/1000 -> 696.29872 | AY8: =AY3/1000 -> 1175.3546 | AZ8: =AX8-AY8 -> -479.0559
P9: Week_08 | Q9: =SUMIFS(Opt_uncon!$Q:$Q,Opt_uncon!$A:$A,$P9,Opt_uncon!$C:$C,Q$1) -> 41982.615 | R9: =SUMIFS(Opt_uncon!$Q:$Q,Opt_uncon!$A:$A,$P9,Opt_uncon!$C:$C,R$1) -> 8372.6405 | S9: =SUMIFS(Opt_uncon!$Q:$Q,Opt_uncon!$A:$A,$P9,Opt_uncon!$C:$C,S$1) -> 0 | T9: =SUMIFS(Opt_uncon!$Q:$Q,Opt_uncon!$A:$A,$P9,Opt_uncon!$C:$C,T$1) -> 0 | U9: =SUMIFS(Opt_uncon!$Q:$Q,Opt_uncon!$A:$A,$P9,Opt_uncon!$C:$C,U$1) -> 0 | V9: =SUMIFS(Opt_uncon!$Q:$Q,Opt_uncon!$A:$A,$P9,Opt_uncon!$C:$C,V$1) -> 0 | W9: =SUMIFS(Opt_uncon!$Q:$Q,Opt_uncon!$A:$A,$P9,Opt_uncon!$C:$C,W$1) -> 0 | X9: =SUMIFS(Opt_uncon!$Q:$Q,Opt_uncon!$A:$A,$P9,Opt_uncon!$C:$C,X$1) -> 0 | ... AL9: =SUMIFS(Opt_uncon!$Q:$Q,Opt_uncon!$A:$A,$P9,Opt_uncon!$C:$C,AL$1) -> 0 | AM9: =SUM(Q9:AL9) -> 169713.25 | AN9: =SUMIFS(Opt_current!Q:Q,Opt_current!A:A,P9) -> 97717.923 | AS9: generic | AT9: =Opt_uncon!Q2854 -> 0 | AU9: =Opt_current!Q2854 -> 0 | AW9: =AW4 -> ReFi | AX9: =AX4/1000 -> 1285.4667 | AY9: =AY4/1000 -> 1259.7493 | AZ9: =AX9-AY9 -> 25.717406
P10: Week_09 | Q10: =SUMIFS(Opt_uncon!$Q:$Q,Opt_uncon!$A:$A,$P10,Opt_uncon!$C:$C,Q$1) -> 11280.911 | R10: =SUMIFS(Opt_uncon!$Q:$Q,Opt_uncon!$A:$A,$P10,Opt_uncon!$C:$C,R$1) -> 8454.6262 | S10: =SUMIFS(Opt_uncon!$Q:$Q,Opt_uncon!$A:$A,$P10,Opt_uncon!$C:$C,S$1) -> 0 | T10: =SUMIFS(Opt_uncon!$Q:$Q,Opt_uncon!$A:$A,$P10,Opt_uncon!$C:$C,T$1) -> 0 | U10: =SUMIFS(Opt_uncon!$Q:$Q,Opt_uncon!$A:$A,$P10,Opt_uncon!$C:$C,U$1) -> 0 | V10: =SUMIFS(Opt_uncon!$Q:$Q,Opt_uncon!$A:$A,$P10,Opt_uncon!$C:$C,V$1) -> 0 | W10: =SUMIFS(Opt_uncon!$Q:$Q,Opt_uncon!$A:$A,$P10,Opt_uncon!$C:$C,W$1) -> 0 | X10: =SUMIFS(Opt_uncon!$Q:$Q,Opt_uncon!$A:$A,$P10,Opt_uncon!$C:$C,X$1) -> 0 | ... AL10: =SUMIFS(Opt_uncon!$Q:$Q,Opt_uncon!$A:$A,$P10,Opt_uncon!$C:$C,AL$1) -> 0 | AM10: =SUM(Q10:AL10) -> 73120.066 | AN10: =SUMIFS(Opt_current!Q:Q,Opt_current!A:A,P10) -> 34902.628 | AS10: tv.cofi | AT10: =Opt_uncon!Q2855 -> 509479.86 | AU10: =Opt_current!Q2855 -> 841651.8 | AW10: =AW5 -> Umbrella | AX10: =AX5/1000 -> 930.49309 | AY10: =AY5/1000 -> 889.0814 | AZ10: =AX10-AY10 -> 41.411689
P11: Week_10 | Q11: =SUMIFS(Opt_uncon!$Q:$Q,Opt_uncon!$A:$A,$P11,Opt_uncon!$C:$C,Q$1) -> 41399.672 | R11: =SUMIFS(Opt_uncon!$Q:$Q,Opt_uncon!$A:$A,$P11,Opt_uncon!$C:$C,R$1) -> 7977.2094 | S11: =SUMIFS(Opt_uncon!$Q:$Q,Opt_uncon!$A:$A,$P11,Opt_uncon!$C:$C,S$1) -> 0 | T11: =SUMIFS(Opt_uncon!$Q:$Q,Opt_uncon!$A:$A,$P11,Opt_uncon!$C:$C,T$1) -> 0 | U11: =SUMIFS(Opt_uncon!$Q:$Q,Opt_uncon!$A:$A,$P11,Opt_uncon!$C:$C,U$1) -> 0 | V11: =SUMIFS(Opt_uncon!$Q:$Q,Opt_uncon!$A:$A,$P11,Opt_uncon!$C:$C,V$1) -> 0 | W11: =SUMIFS(Opt_uncon!$Q:$Q,Opt_uncon!$A:$A,$P11,Opt_uncon!$C:$C,W$1) -> 0 | X11: =SUMIFS(Opt_uncon!$Q:$Q,Opt_uncon!$A:$A,$P11,Opt_uncon!$C:$C,X$1) -> 0 | ... AL11: =SUMIFS(Opt_uncon!$Q:$Q,Opt_uncon!$A:$A,$P11,Opt_uncon!$C:$C,AL$1) -> 0 | AM11: =SUM(Q11:AL11) -> 162281.05 | AN11: =SUMIFS(Opt_current!Q:Q,Opt_current!A:A,P11) -> 135926.37 | AS11: display.cofi | AT11: =Opt_uncon!Q2856 -> 0 | AU11: =Opt_current!Q2856 -> 0
P12: Week_11 | Q12: =SUMIFS(Opt_uncon!$Q:$Q,Opt_uncon!$A:$A,$P12,Opt_uncon!$C:$C,Q$1) -> 25899.868 | R12: =SUMIFS(Opt_uncon!$Q:$Q,Opt_uncon!$A:$A,$P12,Opt_uncon!$C:$C,R$1) -> 9848.6633 | S12: =SUMIFS(Opt_uncon!$Q:$Q,Opt_uncon!$A:$A,$P12,Opt_uncon!$C:$C,S$1) -> 0 | T12: =SUMIFS(Opt_uncon!$Q:$Q,Opt_uncon!$A:$A,$P12,Opt_uncon!$C:$C,T$1) -> 0 | U12: =SUMIFS(Opt_uncon!$Q:$Q,Opt_uncon!$A:$A,$P12,Opt_uncon!$C:$C,U$1) -> 288.88408 | V12: =SUMIFS(Opt_uncon!$Q:$Q,Opt_uncon!$A:$A,$P12,Opt_uncon!$C:$C,V$1) -> 301.21277 | W12: =SUMIFS(Opt_uncon!$Q:$Q,Opt_uncon!$A:$A,$P12,Opt_uncon!$C:$C,W$1) -> 0 | X12: =SUMIFS(Opt_uncon!$Q:$Q,Opt_uncon!$A:$A,$P12,Opt_uncon!$C:$C,X$1) -> 0 | ... AL12: =SUMIFS(Opt_uncon!$Q:$Q,Opt_uncon!$A:$A,$P12,Opt_uncon!$C:$C,AL$1) -> 0 | AM12: =SUM(Q12:AL12) -> 72573.106 | AN12: =SUMIFS(Opt_current!Q:Q,Opt_current!A:A,P12) -> 54013.252 | AS12: social.video.cofi | AT12: =Opt_uncon!Q2857 -> 0 | AU12: =Opt_current!Q2857 -> 78902.23
P13: Week_12 | Q13: =SUMIFS(Opt_uncon!$Q:$Q,Opt_uncon!$A:$A,$P13,Opt_uncon!$C:$C,Q$1) -> 34287.041 | R13: =SUMIFS(Opt_uncon!$Q:$Q,Opt_uncon!$A:$A,$P13,Opt_uncon!$C:$C,R$1) -> 8319.6843 | S13: =SUMIFS(Opt_uncon!$Q:$Q,Opt_uncon!$A:$A,$P13,Opt_uncon!$C:$C,S$1) -> 0 | T13: =SUMIFS(Opt_uncon!$Q:$Q,Opt_uncon!$A:$A,$P13,Opt_uncon!$C:$C,T$1) -> 0 | U13: =SUMIFS(Opt_uncon!$Q:$Q,Opt_uncon!$A:$A,$P13,Opt_uncon!$C:$C,U$1) -> 0 | V13: =SUMIFS(Opt_uncon!$Q:$Q,Opt_uncon!$A:$A,$P13,Opt_uncon!$C:$C,V$1) -> 0 | W13: =SUMIFS(Opt_uncon!$Q:$Q,Opt_uncon!$A:$A,$P13,Opt_uncon!$C:$C,W$1) -> 0 | X13: =SUMIFS(Opt_uncon!$Q:$Q,Opt_uncon!$A:$A,$P13,Opt_uncon!$C:$C,X$1) -> 0 | ... AL13: =SUMIFS(Opt_uncon!$Q:$Q,Opt_uncon!$A:$A,$P13,Opt_uncon!$C:$C,AL$1) -> 0 | AM13: =SUM(Q13:AL13) -> 92817.489 | AN13: =SUMIFS(Opt_current!Q:Q,Opt_current!A:A,P13) -> 197114.96 | AS13: vod.cofi | AT13: =Opt_uncon!Q2858 -> 186818.87 | AU13: =Opt_current!Q2858 -> 254800.59
P14: Week_13 | Q14: =SUMIFS(Opt_uncon!$Q:$Q,Opt_uncon!$A:$A,$P14,Opt_uncon!$C:$C,Q$1) -> 31544.049 | R14: =SUMIFS(Opt_uncon!$Q:$Q,Opt_uncon!$A:$A,$P14,Opt_uncon!$C:$C,R$1) -> 10993.417 | S14: =SUMIFS(Opt_uncon!$Q:$Q,Opt_uncon!$A:$A,$P14,Opt_uncon!$C:$C,S$1) -> 0 | T14: =SUMIFS(Opt_uncon!$Q:$Q,Opt_uncon!$A:$A,$P14,Opt_uncon!$C:$C,T$1) -> 0 | U14: =SUMIFS(Opt_uncon!$Q:$Q,Opt_uncon!$A:$A,$P14,Opt_uncon!$C:$C,U$1) -> 1641.4053 | V14: =SUMIFS(Opt_uncon!$Q:$Q,Opt_uncon!$A:$A,$P14,Opt_uncon!$C:$C,V$1) -> 3053.9854 | W14: =SUMIFS(Opt_uncon!$Q:$Q,Opt_uncon!$A:$A,$P14,Opt_uncon!$C:$C,W$1) -> 0 | X14: =SUMIFS(Opt_uncon!$Q:$Q,Opt_uncon!$A:$A,$P14,Opt_uncon!$C:$C,X$1) -> 0 | ... AL14: =SUMIFS(Opt_uncon!$Q:$Q,Opt_uncon!$A:$A,$P14,Opt_uncon!$C:$C,AL$1) -> 0 | AM14: =SUM(Q14:AL14) -> 90382.92 | AN14: =SUMIFS(Opt_current!Q:Q,Opt_current!A:A,P14) -> 52141.314 | AS14: dooh.cofi | AT14: =Opt_uncon!Q2859 -> 0 | AU14: =Opt_current!Q2859 -> 0
P15: Week_14 | Q15: =SUMIFS(Opt_uncon!$Q:$Q,Opt_uncon!$A:$A,$P15,Opt_uncon!$C:$C,Q$1) -> 64544.939 | R15: =SUMIFS(Opt_uncon!$Q:$Q,Opt_uncon!$A:$A,$P15,Opt_uncon!$C:$C,R$1) -> 9238.4945 | S15: =SUMIFS(Opt_uncon!$Q:$Q,Opt_uncon!$A:$A,$P15,Opt_uncon!$C:$C,S$1) -> 0 | T15: =SUMIFS(Opt_uncon!$Q:$Q,Opt_uncon!$A:$A,$P15,Opt_uncon!$C:$C,T$1) -> 0 | U15: =SUMIFS(Opt_uncon!$Q:$Q,Opt_uncon!$A:$A,$P15,Opt_uncon!$C:$C,U$1) -> 351.19442 | V15: =SUMIFS(Opt_uncon!$Q:$Q,Opt_uncon!$A:$A,$P15,Opt_uncon!$C:$C,V$1) -> 470.43146 | W15: =SUMIFS(Opt_uncon!$Q:$Q,Opt_uncon!$A:$A,$P15,Opt_uncon!$C:$C,W$1) -> 0 | X15: =SUMIFS(Opt_uncon!$Q:$Q,Opt_uncon!$A:$A,$P15,Opt_uncon!$C:$C,X$1) -> 0 | ... AL15: =SUMIFS(Opt_uncon!$Q:$Q,Opt_uncon!$A:$A,$P15,Opt_uncon!$C:$C,AL$1) -> 0 | AM15: =SUM(Q15:AL15) -> 229203.15 | AN15: =SUMIFS(Opt_current!Q:Q,Opt_current!A:A,P15) -> 188501.12 | AS15: tv.refi | AT15: =Opt_uncon!Q2860 -> 959745.67 | AU15: =Opt_current!Q2860 -> 831671.46
P16: Week_15 | Q16: =SUMIFS(Opt_uncon!$Q:$Q,Opt_uncon!$A:$A,$P16,Opt_uncon!$C:$C,Q$1) -> 0 | R16: =SUMIFS(Opt_uncon!$Q:$Q,Opt_uncon!$A:$A,$P16,Opt_uncon!$C:$C,R$1) -> 5322.8804 | S16: =SUMIFS(Opt_uncon!$Q:$Q,Opt_uncon!$A:$A,$P16,Opt_uncon!$C:$C,S$1) -> 0 | T16: =SUMIFS(Opt_uncon!$Q:$Q,Opt_uncon!$A:$A,$P16,Opt_uncon!$C:$C,T$1) -> 0 | U16: =SUMIFS(Opt_uncon!$Q:$Q,Opt_uncon!$A:$A,$P16,Opt_uncon!$C:$C,U$1) -> 0 | V16: =SUMIFS(Opt_uncon!$Q:$Q,Opt_uncon!$A:$A,$P16,Opt_uncon!$C:$C,V$1) -> 0 | W16: =SUMIFS(Opt_uncon!$Q:$Q,Opt_uncon!$A:$A,$P16,Opt_uncon!$C:$C,W$1) -> 0 | X16: =SUMIFS(Opt_uncon!$Q:$Q,Opt_uncon!$A:$A,$P16,Opt_uncon!$C:$C,X$1) -> 0 | ... AL16: =SUMIFS(Opt_uncon!$Q:$Q,Opt_uncon!$A:$A,$P16,Opt_uncon!$C:$C,AL$1) -> 0 | AM16: =SUM(Q16:AL16) -> 27341.824 | AN16: =SUMIFS(Opt_current!Q:Q,Opt_current!A:A,P16) -> 59690.684 | AS16: social.video.refi | AT16: =Opt_uncon!Q2861 -> 0 | AU16: =Opt_current!Q2861 -> 98130.83
P17: Week_16 | Q17: =SUMIFS(Opt_uncon!$Q:$Q,Opt_uncon!$A:$A,$P17,Opt_uncon!$C:$C,Q$1) -> 34179.029 | R17: =SUMIFS(Opt_uncon!$Q:$Q,Opt_uncon!$A:$A,$P17,Opt_uncon!$C:$C,R$1) -> 9643.9661 | S17: =SUMIFS(Opt_uncon!$Q:$Q,Opt_uncon!$A:$A,$P17,Opt_uncon!$C:$C,S$1) -> 0 | T17: =SUMIFS(Opt_uncon!$Q:$Q,Opt_uncon!$A:$A,$P17,Opt_uncon!$C:$C,T$1) -> 0 | U17: =SUMIFS(Opt_uncon!$Q:$Q,Opt_uncon!$A:$A,$P17,Opt_uncon!$C:$C,U$1) -> 0 | V17: =SUMIFS(Opt_uncon!$Q:$Q,Opt_uncon!$A:$A,$P17,Opt_uncon!$C:$C,V$1) -> 0 | W17: =SUMIFS(Opt_uncon!$Q:$Q,Opt_uncon!$A:$A,$P17,Opt_uncon!$C:$C,W$1) -> 0 | X17: =SUMIFS(Opt_uncon!$Q:$Q,Opt_uncon!$A:$A,$P17,Opt_uncon!$C:$C,X$1) -> 0 | ... AL17: =SUMIFS(Opt_uncon!$Q:$Q,Opt_uncon!$A:$A,$P17,Opt_uncon!$C:$C,AL$1) -> 0 | AM17: =SUM(Q17:AL17) -> 129721.59 | AN17: =SUMIFS(Opt_current!Q:Q,Opt_current!A:A,P17) -> 227116 | AS17: vod.refi | AT17: =Opt_uncon!Q2862 -> 325721.06 | AU17: =Opt_current!Q2862 -> 329947.03
P18: Week_17 | Q18: =SUMIFS(Opt_uncon!$Q:$Q,Opt_uncon!$A:$A,$P18,Opt_uncon!$C:$C,Q$1) -> 3500 | R18: =SUMIFS(Opt_uncon!$Q:$Q,Opt_uncon!$A:$A,$P18,Opt_uncon!$C:$C,R$1) -> 7424.7557 | S18: =SUMIFS(Opt_uncon!$Q:$Q,Opt_uncon!$A:$A,$P18,Opt_uncon!$C:$C,S$1) -> 0 | T18: =SUMIFS(Opt_uncon!$Q:$Q,Opt_uncon!$A:$A,$P18,Opt_uncon!$C:$C,T$1) -> 0 | U18: =SUMIFS(Opt_uncon!$Q:$Q,Opt_uncon!$A:$A,$P18,Opt_uncon!$C:$C,U$1) -> 0 | V18: =SUMIFS(Opt_uncon!$Q:$Q,Opt_uncon!$A:$A,$P18,Opt_uncon!$C:$C,V$1) -> 0 | W18: =SUMIFS(Opt_uncon!$Q:$Q,Opt_uncon!$A:$A,$P18,Opt_uncon!$C:$C,W$1) -> 0 | X18: =SUMIFS(Opt_uncon!$Q:$Q,Opt_uncon!$A:$A,$P18,Opt_uncon!$C:$C,X$1) -> 0 | ... AL18: =SUMIFS(Opt_uncon!$Q:$Q,Opt_uncon!$A:$A,$P18,Opt_uncon!$C:$C,AL$1) -> 0 | AM18: =SUM(Q18:AL18) -> 64528.197 | AN18: =SUMIFS(Opt_current!Q:Q,Opt_current!A:A,P18) -> 36888.911 | AS18: search.umb | AT18: =Opt_uncon!Q2863 -> 189878.85 | AU18: =Opt_current!Q2863 -> 83646.43
P19: Week_18 | Q19: =SUMIFS(Opt_uncon!$Q:$Q,Opt_uncon!$A:$A,$P19,Opt_uncon!$C:$C,Q$1) -> 0 | R19: =SUMIFS(Opt_uncon!$Q:$Q,Opt_uncon!$A:$A,$P19,Opt_uncon!$C:$C,R$1) -> 6044.1381 | S19: =SUMIFS(Opt_uncon!$Q:$Q,Opt_uncon!$A:$A,$P19,Opt_uncon!$C:$C,S$1) -> 0 | T19: =SUMIFS(Opt_uncon!$Q:$Q,Opt_uncon!$A:$A,$P19,Opt_uncon!$C:$C,T$1) -> 0 | U19: =SUMIFS(Opt_uncon!$Q:$Q,Opt_uncon!$A:$A,$P19,Opt_uncon!$C:$C,U$1) -> 0 | V19: =SUMIFS(Opt_uncon!$Q:$Q,Opt_uncon!$A:$A,$P19,Opt_uncon!$C:$C,V$1) -> 0 | W19: =SUMIFS(Opt_uncon!$Q:$Q,Opt_uncon!$A:$A,$P19,Opt_uncon!$C:$C,W$1) -> 0 | X19: =SUMIFS(Opt_uncon!$Q:$Q,Opt_uncon!$A:$A,$P19,Opt_uncon!$C:$C,X$1) -> 0 | ... AL19: =SUMIFS(Opt_uncon!$Q:$Q,Opt_uncon!$A:$A,$P19,Opt_uncon!$C:$C,AL$1) -> 0 | AM19: =SUM(Q19:AL19) -> 22952.619 | AN19: =SUMIFS(Opt_current!Q:Q,Opt_current!A:A,P19) -> 37445.561 | AS19: social.display.umb | AT19: =Opt_uncon!Q2864 -> 41390.3 | AU19: =Opt_current!Q2864 -> 186825
P20: Week_19 | Q20: =SUMIFS(Opt_uncon!$Q:$Q,Opt_uncon!$A:$A,$P20,Opt_uncon!$C:$C,Q$1) -> 84746.469 | R20: =SUMIFS(Opt_uncon!$Q:$Q,Opt_uncon!$A:$A,$P20,Opt_uncon!$C:$C,R$1) -> 11811.35 | S20: =SUMIFS(Opt_uncon!$Q:$Q,Opt_uncon!$A:$A,$P20,Opt_uncon!$C:$C,S$1) -> 0 | T20: =SUMIFS(Opt_uncon!$Q:$Q,Opt_uncon!$A:$A,$P20,Opt_uncon!$C:$C,T$1) -> 0 | U20: =SUMIFS(Opt_uncon!$Q:$Q,Opt_uncon!$A:$A,$P20,Opt_uncon!$C:$C,U$1) -> 1829.0872 | V20: =SUMIFS(Opt_uncon!$Q:$Q,Opt_uncon!$A:$A,$P20,Opt_uncon!$C:$C,V$1) -> 3437.7145 | W20: =SUMIFS(Opt_uncon!$Q:$Q,Opt_uncon!$A:$A,$P20,Opt_uncon!$C:$C,W$1) -> 0 | X20: =SUMIFS(Opt_uncon!$Q:$Q,Opt_uncon!$A:$A,$P20,Opt_uncon!$C:$C,X$1) -> 0 | ... AL20: =SUMIFS(Opt_uncon!$Q:$Q,Opt_uncon!$A:$A,$P20,Opt_uncon!$C:$C,AL$1) -> 0 | AM20: =SUM(Q20:AL20) -> 138370.72 | AN20: =SUMIFS(Opt_current!Q:Q,Opt_current!A:A,P20) -> 55699.179 | AS20: social.video.umb | AT20: =Opt_uncon!Q2865 -> 114100.7 | AU20: =Opt_current!Q2865 -> 468232.08
P21: Week_20 | Q21: =SUMIFS(Opt_uncon!$Q:$Q,Opt_uncon!$A:$A,$P21,Opt_uncon!$C:$C,Q$1) -> 0 | R21: =SUMIFS(Opt_uncon!$Q:$Q,Opt_uncon!$A:$A,$P21,Opt_uncon!$C:$C,R$1) -> 7095.2704 | S21: =SUMIFS(Opt_uncon!$Q:$Q,Opt_uncon!$A:$A,$P21,Opt_uncon!$C:$C,S$1) -> 0 | T21: =SUMIFS(Opt_uncon!$Q:$Q,Opt_uncon!$A:$A,$P21,Opt_uncon!$C:$C,T$1) -> 0 | U21: =SUMIFS(Opt_uncon!$Q:$Q,Opt_uncon!$A:$A,$P21,Opt_uncon!$C:$C,U$1) -> 0 | V21: =SUMIFS(Opt_uncon!$Q:$Q,Opt_uncon!$A:$A,$P21,Opt_uncon!$C:$C,V$1) -> 0 | W21: =SUMIFS(Opt_uncon!$Q:$Q,Opt_uncon!$A:$A,$P21,Opt_uncon!$C:$C,W$1) -> 0 | X21: =SUMIFS(Opt_uncon!$Q:$Q,Opt_uncon!$A:$A,$P21,Opt_uncon!$C:$C,X$1) -> 0 | ... AL21: =SUMIFS(Opt_uncon!$Q:$Q,Opt_uncon!$A:$A,$P21,Opt_uncon!$C:$C,AL$1) -> 0 | AM21: =SUM(Q21:AL21) -> 38180.756 | AN21: =SUMIFS(Opt_current!Q:Q,Opt_current!A:A,P21) -> 54602.966 | AS21: display.umb | AT21: =Opt_uncon!Q2866 -> 0 | AU21: =Opt_current!Q2866 -> 150377.89
P22: Week_21 | Q22: =SUMIFS(Opt_uncon!$Q:$Q,Opt_uncon!$A:$A,$P22,Opt_uncon!$C:$C,Q$1) -> 0 | R22: =SUMIFS(Opt_uncon!$Q:$Q,Opt_uncon!$A:$A,$P22,Opt_uncon!$C:$C,R$1) -> 5960.0198 | S22: =SUMIFS(Opt_uncon!$Q:$Q,Opt_uncon!$A:$A,$P22,Opt_uncon!$C:$C,S$1) -> 0 | T22: =SUMIFS(Opt_uncon!$Q:$Q,Opt_uncon!$A:$A,$P22,Opt_uncon!$C:$C,T$1) -> 0 | U22: =SUMIFS(Opt_uncon!$Q:$Q,Opt_uncon!$A:$A,$P22,Opt_uncon!$C:$C,U$1) -> 0 | V22: =SUMIFS(Opt_uncon!$Q:$Q,Opt_uncon!$A:$A,$P22,Opt_uncon!$C:$C,V$1) -> 0 | W22: =SUMIFS(Opt_uncon!$Q:$Q,Opt_uncon!$A:$A,$P22,Opt_uncon!$C:$C,W$1) -> 0 | X22: =SUMIFS(Opt_uncon!$Q:$Q,Opt_uncon!$A:$A,$P22,Opt_uncon!$C:$C,X$1) -> 0 | ... AL22: =SUMIFS(Opt_uncon!$Q:$Q,Opt_uncon!$A:$A,$P22,Opt_uncon!$C:$C,AL$1) -> 0 | AM22: =SUM(Q22:AL22) -> 117286.86 | AN22: =SUMIFS(Opt_current!Q:Q,Opt_current!A:A,P22) -> 61166.497 | AS22: vod.umb | AT22: =Opt_uncon!Q2867 -> 585123.24 | AU22: =Opt_current!Q2867 -> 0
P23: Week_22 | Q23: =SUMIFS(Opt_uncon!$Q:$Q,Opt_uncon!$A:$A,$P23,Opt_uncon!$C:$C,Q$1) -> 5074.1514 | R23: =SUMIFS(Opt_uncon!$Q:$Q,Opt_uncon!$A:$A,$P23,Opt_uncon!$C:$C,R$1) -> 5999.7797 | S23: =SUMIFS(Opt_uncon!$Q:$Q,Opt_uncon!$A:$A,$P23,Opt_uncon!$C:$C,S$1) -> 0 | T23: =SUMIFS(Opt_uncon!$Q:$Q,Opt_uncon!$A:$A,$P23,Opt_uncon!$C:$C,T$1) -> 0 | U23: =SUMIFS(Opt_uncon!$Q:$Q,Opt_uncon!$A:$A,$P23,Opt_uncon!$C:$C,U$1) -> 0 | V23: =SUMIFS(Opt_uncon!$Q:$Q,Opt_uncon!$A:$A,$P23,Opt_uncon!$C:$C,V$1) -> 0 | W23: =SUMIFS(Opt_uncon!$Q:$Q,Opt_uncon!$A:$A,$P23,Opt_uncon!$C:$C,W$1) -> 0 | X23: =SUMIFS(Opt_uncon!$Q:$Q,Opt_uncon!$A:$A,$P23,Opt_uncon!$C:$C,X$1) -> 0 | ... AL23: =SUMIFS(Opt_uncon!$Q:$Q,Opt_uncon!$A:$A,$P23,Opt_uncon!$C:$C,AL$1) -> 0 | AM23: =SUM(Q23:AL23) -> 33962.035 | AN23: =SUMIFS(Opt_current!Q:Q,Opt_current!A:A,P23) -> 49848.302 | AS23: tv.umb | AT23: =Opt_uncon!#REF! -> #REF! | AU23: =Opt_current!#REF! -> #REF!
P24: Week_23 | Q24: =SUMIFS(Opt_uncon!$Q:$Q,Opt_uncon!$A:$A,$P24,Opt_uncon!$C:$C,Q$1) -> 37148.669 | R24: =SUMIFS(Opt_uncon!$Q:$Q,Opt_uncon!$A:$A,$P24,Opt_uncon!$C:$C,R$1) -> 5409.2153 | S24: =SUMIFS(Opt_uncon!$Q:$Q,Opt_uncon!$A:$A,$P24,Opt_uncon!$C:$C,S$1) -> 0 | T24: =SUMIFS(Opt_uncon!$Q:$Q,Opt_uncon!$A:$A,$P24,Opt_uncon!$C:$C,T$1) -> 0 | U24: =SUMIFS(Opt_uncon!$Q:$Q,Opt_uncon!$A:$A,$P24,Opt_uncon!$C:$C,U$1) -> 0 | V24: =SUMIFS(Opt_uncon!$Q:$Q,Opt_uncon!$A:$A,$P24,Opt_uncon!$C:$C,V$1) -> 0 | W24: =SUMIFS(Opt_uncon!$Q:$Q,Opt_uncon!$A:$A,$P24,Opt_uncon!$C:$C,W$1) -> 0 | X24: =SUMIFS(Opt_uncon!$Q:$Q,Opt_uncon!$A:$A,$P24,Opt_uncon!$C:$C,X$1) -> 0 | ... AL24: =SUMIFS(Opt_uncon!$Q:$Q,Opt_uncon!$A:$A,$P24,Opt_uncon!$C:$C,AL$1) -> 0 | AM24: =SUM(Q24:AL24) -> 76795.035 | AN24: =SUMIFS(Opt_current!Q:Q,Opt_current!A:A,P24) -> 45377.804
P25: Week_24 | Q25: =SUMIFS(Opt_uncon!$Q:$Q,Opt_uncon!$A:$A,$P25,Opt_uncon!$C:$C,Q$1) -> 58242.28 | R25: =SUMIFS(Opt_uncon!$Q:$Q,Opt_uncon!$A:$A,$P25,Opt_uncon!$C:$C,R$1) -> 9908.0584 | S25: =SUMIFS(Opt_uncon!$Q:$Q,Opt_uncon!$A:$A,$P25,Opt_uncon!$C:$C,S$1) -> 0 | T25: =SUMIFS(Opt_uncon!$Q:$Q,Opt_uncon!$A:$A,$P25,Opt_uncon!$C:$C,T$1) -> 0 | U25: =SUMIFS(Opt_uncon!$Q:$Q,Opt_uncon!$A:$A,$P25,Opt_uncon!$C:$C,U$1) -> 0 | V25: =SUMIFS(Opt_uncon!$Q:$Q,Opt_uncon!$A:$A,$P25,Opt_uncon!$C:$C,V$1) -> 0 | W25: =SUMIFS(Opt_uncon!$Q:$Q,Opt_uncon!$A:$A,$P25,Opt_uncon!$C:$C,W$1) -> 0 | X25: =SUMIFS(Opt_uncon!$Q:$Q,Opt_uncon!$A:$A,$P25,Opt_uncon!$C:$C,X$1) -> 0 | ... AL25: =SUMIFS(Opt_uncon!$Q:$Q,Opt_uncon!$A:$A,$P25,Opt_uncon!$C:$C,AL$1) -> 0 | AM25: =SUM(Q25:AL25) -> 123710.17 | AN25: =SUMIFS(Opt_current!Q:Q,Opt_current!A:A,P25) -> 19672.879
P26: Week_25 | Q26: =SUMIFS(Opt_uncon!$Q:$Q,Opt_uncon!$A:$A,$P26,Opt_uncon!$C:$C,Q$1) -> 3500 | R26: =SUMIFS(Opt_uncon!$Q:$Q,Opt_uncon!$A:$A,$P26,Opt_uncon!$C:$C,R$1) -> 5200.9031 | S26: =SUMIFS(Opt_uncon!$Q:$Q,Opt_uncon!$A:$A,$P26,Opt_uncon!$C:$C,S$1) -> 0 | T26: =SUMIFS(Opt_uncon!$Q:$Q,Opt_uncon!$A:$A,$P26,Opt_uncon!$C:$C,T$1) -> 0 | U26: =SUMIFS(Opt_uncon!$Q:$Q,Opt_uncon!$A:$A,$P26,Opt_uncon!$C:$C,U$1) -> 0 | V26: =SUMIFS(Opt_uncon!$Q:$Q,Opt_uncon!$A:$A,$P26,Opt_uncon!$C:$C,V$1) -> 0 | W26: =SUMIFS(Opt_uncon!$Q:$Q,Opt_uncon!$A:$A,$P26,Opt_uncon!$C:$C,W$1) -> 0 | X26: =SUMIFS(Opt_uncon!$Q:$Q,Opt_uncon!$A:$A,$P26,Opt_uncon!$C:$C,X$1) -> 0 | ... AL26: =SUMIFS(Opt_uncon!$Q:$Q,Opt_uncon!$A:$A,$P26,Opt_uncon!$C:$C,AL$1) -> 0 | AM26: =SUM(Q26:AL26) -> 49064.364 | AN26: =SUMIFS(Opt_current!Q:Q,Opt_current!A:A,P26) -> 22904.523 | AS26: Total
P27: Week_26 | Q27: =SUMIFS(Opt_uncon!$Q:$Q,Opt_uncon!$A:$A,$P27,Opt_uncon!$C:$C,Q$1) -> 15365.798 | R27: =SUMIFS(Opt_uncon!$Q:$Q,Opt_uncon!$A:$A,$P27,Opt_uncon!$C:$C,R$1) -> 5509.3168 | S27: =SUMIFS(Opt_uncon!$Q:$Q,Opt_uncon!$A:$A,$P27,Opt_uncon!$C:$C,S$1) -> 0 | T27: =SUMIFS(Opt_uncon!$Q:$Q,Opt_uncon!$A:$A,$P27,Opt_uncon!$C:$C,T$1) -> 0 | U27: =SUMIFS(Opt_uncon!$Q:$Q,Opt_uncon!$A:$A,$P27,Opt_uncon!$C:$C,U$1) -> 0 | V27: =SUMIFS(Opt_uncon!$Q:$Q,Opt_uncon!$A:$A,$P27,Opt_uncon!$C:$C,V$1) -> 0 | W27: =SUMIFS(Opt_uncon!$Q:$Q,Opt_uncon!$A:$A,$P27,Opt_uncon!$C:$C,W$1) -> 0 | X27: =SUMIFS(Opt_uncon!$Q:$Q,Opt_uncon!$A:$A,$P27,Opt_uncon!$C:$C,X$1) -> 0 | ... AL27: =SUMIFS(Opt_uncon!$Q:$Q,Opt_uncon!$A:$A,$P27,Opt_uncon!$C:$C,AL$1) -> 0 | AM27: =SUM(Q27:AL27) -> 101852.77 | AN27: =SUMIFS(Opt_current!Q:Q,Opt_current!A:A,P27) -> 12328.234 | AT27: Unconstrained | AU27: As-is | AV27: Delta
P28: Week_27 | Q28: =SUMIFS(Opt_uncon!$Q:$Q,Opt_uncon!$A:$A,$P28,Opt_uncon!$C:$C,Q$1) -> 41968.871 | R28: =SUMIFS(Opt_uncon!$Q:$Q,Opt_uncon!$A:$A,$P28,Opt_uncon!$C:$C,R$1) -> 8174.6663 | S28: =SUMIFS(Opt_uncon!$Q:$Q,Opt_uncon!$A:$A,$P28,Opt_uncon!$C:$C,S$1) -> 0 | T28: =SUMIFS(Opt_uncon!$Q:$Q,Opt_uncon!$A:$A,$P28,Opt_uncon!$C:$C,T$1) -> 0 | U28: =SUMIFS(Opt_uncon!$Q:$Q,Opt_uncon!$A:$A,$P28,Opt_uncon!$C:$C,U$1) -> 0 | V28: =SUMIFS(Opt_uncon!$Q:$Q,Opt_uncon!$A:$A,$P28,Opt_uncon!$C:$C,V$1) -> 0 | W28: =SUMIFS(Opt_uncon!$Q:$Q,Opt_uncon!$A:$A,$P28,Opt_uncon!$C:$C,W$1) -> 0 | X28: =SUMIFS(Opt_uncon!$Q:$Q,Opt_uncon!$A:$A,$P28,Opt_uncon!$C:$C,X$1) -> 0 | ... AL28: =SUMIFS(Opt_uncon!$Q:$Q,Opt_uncon!$A:$A,$P28,Opt_uncon!$C:$C,AL$1) -> 0 | AM28: =SUM(Q28:AL28) -> 107148.21 | AN28: =SUMIFS(Opt_current!Q:Q,Opt_current!A:A,P28) -> 7543.54 | AS28: TV | AT28: =SUM(AT2,AT10,AT15)/1000 -> 2853.9547 | AU28: =SUM(AU2,AU10,AU15)/1000 -> 2399.8412 | AV28: =AT28-AU28 -> 454.11351
P29: Week_28 | Q29: =SUMIFS(Opt_uncon!$Q:$Q,Opt_uncon!$A:$A,$P29,Opt_uncon!$C:$C,Q$1) -> 42674.656 | R29: =SUMIFS(Opt_uncon!$Q:$Q,Opt_uncon!$A:$A,$P29,Opt_uncon!$C:$C,R$1) -> 8506.7959 | S29: =SUMIFS(Opt_uncon!$Q:$Q,Opt_uncon!$A:$A,$P29,Opt_uncon!$C:$C,S$1) -> 0 | T29: =SUMIFS(Opt_uncon!$Q:$Q,Opt_uncon!$A:$A,$P29,Opt_uncon!$C:$C,T$1) -> 0 | U29: =SUMIFS(Opt_uncon!$Q:$Q,Opt_uncon!$A:$A,$P29,Opt_uncon!$C:$C,U$1) -> 0 | V29: =SUMIFS(Opt_uncon!$Q:$Q,Opt_uncon!$A:$A,$P29,Opt_uncon!$C:$C,V$1) -> 0 | W29: =SUMIFS(Opt_uncon!$Q:$Q,Opt_uncon!$A:$A,$P29,Opt_uncon!$C:$C,W$1) -> 0 | X29: =SUMIFS(Opt_uncon!$Q:$Q,Opt_uncon!$A:$A,$P29,Opt_uncon!$C:$C,X$1) -> 0 | ... AL29: =SUMIFS(Opt_uncon!$Q:$Q,Opt_uncon!$A:$A,$P29,Opt_uncon!$C:$C,AL$1) -> 0 | AM29: =SUM(Q29:AL29) -> 126899.76 | AN29: =SUMIFS(Opt_current!Q:Q,Opt_current!A:A,P29) -> 16700.232 | AS29: VOD | AT29: =SUM(AT3,AT13,AT17,AT22)/1000 -> 1503.9489 | AU29: =SUM(AU3,AU13,AU17,AU22)/1000 -> 1069.2284 | AV29: =AT29-AU29 -> 434.72048
P30: Week_29 | Q30: =SUMIFS(Opt_uncon!$Q:$Q,Opt_uncon!$A:$A,$P30,Opt_uncon!$C:$C,Q$1) -> 6403.4655 | R30: =SUMIFS(Opt_uncon!$Q:$Q,Opt_uncon!$A:$A,$P30,Opt_uncon!$C:$C,R$1) -> 5283.812 | S30: =SUMIFS(Opt_uncon!$Q:$Q,Opt_uncon!$A:$A,$P30,Opt_uncon!$C:$C,S$1) -> 0 | T30: =SUMIFS(Opt_uncon!$Q:$Q,Opt_uncon!$A:$A,$P30,Opt_uncon!$C:$C,T$1) -> 0 | U30: =SUMIFS(Opt_uncon!$Q:$Q,Opt_uncon!$A:$A,$P30,Opt_uncon!$C:$C,U$1) -> 0 | V30: =SUMIFS(Opt_uncon!$Q:$Q,Opt_uncon!$A:$A,$P30,Opt_uncon!$C:$C,V$1) -> 0 | W30: =SUMIFS(Opt_uncon!$Q:$Q,Opt_uncon!$A:$A,$P30,Opt_uncon!$C:$C,W$1) -> 0 | X30: =SUMIFS(Opt_uncon!$Q:$Q,Opt_uncon!$A:$A,$P30,Opt_uncon!$C:$C,X$1) -> 0 | ... AL30: =SUMIFS(Opt_uncon!$Q:$Q,Opt_uncon!$A:$A,$P30,Opt_uncon!$C:$C,AL$1) -> 0 | AM30: =SUM(Q30:AL30) -> 54519.56 | AN30: =SUMIFS(Opt_current!Q:Q,Opt_current!A:A,P30) -> 21551.548 | AS30: Display | AT30: =SUM(AT4,AT21,AT11)/1000 -> 0 | AU30: =SUM(AU4,AU21,AU11)/1000 -> 211.27186 | AV30: =AT30-AU30 -> -211.27186
P31: Week_30 | Q31: =SUMIFS(Opt_uncon!$Q:$Q,Opt_uncon!$A:$A,$P31,Opt_uncon!$C:$C,Q$1) -> 27978.295 | R31: =SUMIFS(Opt_uncon!$Q:$Q,Opt_uncon!$A:$A,$P31,Opt_uncon!$C:$C,R$1) -> 6596.3276 | S31: =SUMIFS(Opt_uncon!$Q:$Q,Opt_uncon!$A:$A,$P31,Opt_uncon!$C:$C,S$1) -> 0 | T31: =SUMIFS(Opt_uncon!$Q:$Q,Opt_uncon!$A:$A,$P31,Opt_uncon!$C:$C,T$1) -> 0 | U31: =SUMIFS(Opt_uncon!$Q:$Q,Opt_uncon!$A:$A,$P31,Opt_uncon!$C:$C,U$1) -> 0 | V31: =SUMIFS(Opt_uncon!$Q:$Q,Opt_uncon!$A:$A,$P31,Opt_uncon!$C:$C,V$1) -> 0 | W31: =SUMIFS(Opt_uncon!$Q:$Q,Opt_uncon!$A:$A,$P31,Opt_uncon!$C:$C,W$1) -> 0 | X31: =SUMIFS(Opt_uncon!$Q:$Q,Opt_uncon!$A:$A,$P31,Opt_uncon!$C:$C,X$1) -> 0 | ... AL31: =SUMIFS(Opt_uncon!$Q:$Q,Opt_uncon!$A:$A,$P31,Opt_uncon!$C:$C,AL$1) -> 0 | AM31: =SUM(Q31:AL31) -> 115811.99 | AN31: =SUMIFS(Opt_current!Q:Q,Opt_current!A:A,P31) -> 34659.953 | AS31: Social Video | AT31: =SUM(AT7,AT12,AT16+AT20)/1000 -> 121.86947 | AU31: =SUM(AU7,AU12,AU16,AU20)/1000 -> 721.77254 | AV31: =AT31-AU31 -> -599.90307
P32: Week_31 | Q32: =SUMIFS(Opt_uncon!$Q:$Q,Opt_uncon!$A:$A,$P32,Opt_uncon!$C:$C,Q$1) -> 6066.3631 | R32: =SUMIFS(Opt_uncon!$Q:$Q,Opt_uncon!$A:$A,$P32,Opt_uncon!$C:$C,R$1) -> 6976.1453 | S32: =SUMIFS(Opt_uncon!$Q:$Q,Opt_uncon!$A:$A,$P32,Opt_uncon!$C:$C,S$1) -> 0 | T32: =SUMIFS(Opt_uncon!$Q:$Q,Opt_uncon!$A:$A,$P32,Opt_uncon!$C:$C,T$1) -> 0 | U32: =SUMIFS(Opt_uncon!$Q:$Q,Opt_uncon!$A:$A,$P32,Opt_uncon!$C:$C,U$1) -> 0 | V32: =SUMIFS(Opt_uncon!$Q:$Q,Opt_uncon!$A:$A,$P32,Opt_uncon!$C:$C,V$1) -> 0 | W32: =SUMIFS(Opt_uncon!$Q:$Q,Opt_uncon!$A:$A,$P32,Opt_uncon!$C:$C,W$1) -> 0 | X32: =SUMIFS(Opt_uncon!$Q:$Q,Opt_uncon!$A:$A,$P32,Opt_uncon!$C:$C,X$1) -> 0 | ... AL32: =SUMIFS(Opt_uncon!$Q:$Q,Opt_uncon!$A:$A,$P32,Opt_uncon!$C:$C,AL$1) -> 0 | AM32: =SUM(Q32:AL32) -> 35339.247 | AN32: =SUMIFS(Opt_current!Q:Q,Opt_current!A:A,P32) -> 142300.36 | AS32: Social Display | AT32: =SUM(AT6,AT19)/1000 -> 45.934747 | AU32: =SUM(AU6,AU19)/1000 -> 189.825 | AV32: =AT32-AU32 -> -143.89025
P33: Week_32 | Q33: =SUMIFS(Opt_uncon!$Q:$Q,Opt_uncon!$A:$A,$P33,Opt_uncon!$C:$C,Q$1) -> 26219.11 | R33: =SUMIFS(Opt_uncon!$Q:$Q,Opt_uncon!$A:$A,$P33,Opt_uncon!$C:$C,R$1) -> 7377.7601 | S33: =SUMIFS(Opt_uncon!$Q:$Q,Opt_uncon!$A:$A,$P33,Opt_uncon!$C:$C,S$1) -> 0 | T33: =SUMIFS(Opt_uncon!$Q:$Q,Opt_uncon!$A:$A,$P33,Opt_uncon!$C:$C,T$1) -> 0 | U33: =SUMIFS(Opt_uncon!$Q:$Q,Opt_uncon!$A:$A,$P33,Opt_uncon!$C:$C,U$1) -> 0 | V33: =SUMIFS(Opt_uncon!$Q:$Q,Opt_uncon!$A:$A,$P33,Opt_uncon!$C:$C,V$1) -> 0 | W33: =SUMIFS(Opt_uncon!$Q:$Q,Opt_uncon!$A:$A,$P33,Opt_uncon!$C:$C,W$1) -> 0 | X33: =SUMIFS(Opt_uncon!$Q:$Q,Opt_uncon!$A:$A,$P33,Opt_uncon!$C:$C,X$1) -> 0 | ... AL33: =SUMIFS(Opt_uncon!$Q:$Q,Opt_uncon!$A:$A,$P33,Opt_uncon!$C:$C,AL$1) -> 0 | AM33: =SUM(Q33:AL33) -> 51458.834 | AN33: =SUMIFS(Opt_current!Q:Q,Opt_current!A:A,P33) -> 177191.11 | AS33: Search | AT33: =SUM(AT18)/1000 -> 189.87885 | AU33: =SUM(AU18)/1000 -> 83.64643 | AV33: =AT33-AU33 -> 106.23242
P34: Week_33 | Q34: =SUMIFS(Opt_uncon!$Q:$Q,Opt_uncon!$A:$A,$P34,Opt_uncon!$C:$C,Q$1) -> 23139.008 | R34: =SUMIFS(Opt_uncon!$Q:$Q,Opt_uncon!$A:$A,$P34,Opt_uncon!$C:$C,R$1) -> 6631.0223 | S34: =SUMIFS(Opt_uncon!$Q:$Q,Opt_uncon!$A:$A,$P34,Opt_uncon!$C:$C,S$1) -> 0 | T34: =SUMIFS(Opt_uncon!$Q:$Q,Opt_uncon!$A:$A,$P34,Opt_uncon!$C:$C,T$1) -> 0 | U34: =SUMIFS(Opt_uncon!$Q:$Q,Opt_uncon!$A:$A,$P34,Opt_uncon!$C:$C,U$1) -> 0 | V34: =SUMIFS(Opt_uncon!$Q:$Q,Opt_uncon!$A:$A,$P34,Opt_uncon!$C:$C,V$1) -> 0 | W34: =SUMIFS(Opt_uncon!$Q:$Q,Opt_uncon!$A:$A,$P34,Opt_uncon!$C:$C,W$1) -> 0 | X34: =SUMIFS(Opt_uncon!$Q:$Q,Opt_uncon!$A:$A,$P34,Opt_uncon!$C:$C,X$1) -> 0 | ... AL34: =SUMIFS(Opt_uncon!$Q:$Q,Opt_uncon!$A:$A,$P34,Opt_uncon!$C:$C,AL$1) -> 0 | AM34: =SUM(Q34:AL34) -> 101783.66 | AN34: =SUMIFS(Opt_current!Q:Q,Opt_current!A:A,P34) -> 178028.08 | AS34: Influencer | AT34: =AT5 -> 0 | AU34: =AU5 -> 0 | AV34: =AT34-AU34 -> 0
P35: Week_34 | Q35: =SUMIFS(Opt_uncon!$Q:$Q,Opt_uncon!$A:$A,$P35,Opt_uncon!$C:$C,Q$1) -> 33982.187 | R35: =SUMIFS(Opt_uncon!$Q:$Q,Opt_uncon!$A:$A,$P35,Opt_uncon!$C:$C,R$1) -> 7824.1234 | S35: =SUMIFS(Opt_uncon!$Q:$Q,Opt_uncon!$A:$A,$P35,Opt_uncon!$C:$C,S$1) -> 0 | T35: =SUMIFS(Opt_uncon!$Q:$Q,Opt_uncon!$A:$A,$P35,Opt_uncon!$C:$C,T$1) -> 0 | U35: =SUMIFS(Opt_uncon!$Q:$Q,Opt_uncon!$A:$A,$P35,Opt_uncon!$C:$C,U$1) -> 0 | V35: =SUMIFS(Opt_uncon!$Q:$Q,Opt_uncon!$A:$A,$P35,Opt_uncon!$C:$C,V$1) -> 0 | W35: =SUMIFS(Opt_uncon!$Q:$Q,Opt_uncon!$A:$A,$P35,Opt_uncon!$C:$C,W$1) -> 0 | X35: =SUMIFS(Opt_uncon!$Q:$Q,Opt_uncon!$A:$A,$P35,Opt_uncon!$C:$C,X$1) -> 0 | ... AL35: =SUMIFS(Opt_uncon!$Q:$Q,Opt_uncon!$A:$A,$P35,Opt_uncon!$C:$C,AL$1) -> 0 | AM35: =SUM(Q35:AL35) -> 88489.285 | AN35: =SUMIFS(Opt_current!Q:Q,Opt_current!A:A,P35) -> 36462.684 | AS35: Content P | AT35: =AT8/1000 -> 0 | AU35: =AU8/1000 -> 40
P36: Week_35 | Q36: =SUMIFS(Opt_uncon!$Q:$Q,Opt_uncon!$A:$A,$P36,Opt_uncon!$C:$C,Q$1) -> 0 | R36: =SUMIFS(Opt_uncon!$Q:$Q,Opt_uncon!$A:$A,$P36,Opt_uncon!$C:$C,R$1) -> 6856.437 | S36: =SUMIFS(Opt_uncon!$Q:$Q,Opt_uncon!$A:$A,$P36,Opt_uncon!$C:$C,S$1) -> 0 | T36: =SUMIFS(Opt_uncon!$Q:$Q,Opt_uncon!$A:$A,$P36,Opt_uncon!$C:$C,T$1) -> 0 | U36: =SUMIFS(Opt_uncon!$Q:$Q,Opt_uncon!$A:$A,$P36,Opt_uncon!$C:$C,U$1) -> 0 | V36: =SUMIFS(Opt_uncon!$Q:$Q,Opt_uncon!$A:$A,$P36,Opt_uncon!$C:$C,V$1) -> 0 | W36: =SUMIFS(Opt_uncon!$Q:$Q,Opt_uncon!$A:$A,$P36,Opt_uncon!$C:$C,W$1) -> 0 | X36: =SUMIFS(Opt_uncon!$Q:$Q,Opt_uncon!$A:$A,$P36,Opt_uncon!$C:$C,X$1) -> 0 | ... AL36: =SUMIFS(Opt_uncon!$Q:$Q,Opt_uncon!$A:$A,$P36,Opt_uncon!$C:$C,AL$1) -> 0 | AM36: =SUM(Q36:AL36) -> 31216.612 | AN36: =SUMIFS(Opt_current!Q:Q,Opt_current!A:A,P36) -> 249733.6
P37: Week_36 | Q37: =SUMIFS(Opt_uncon!$Q:$Q,Opt_uncon!$A:$A,$P37,Opt_uncon!$C:$C,Q$1) -> 0 | R37: =SUMIFS(Opt_uncon!$Q:$Q,Opt_uncon!$A:$A,$P37,Opt_uncon!$C:$C,R$1) -> 8197.2865 | S37: =SUMIFS(Opt_uncon!$Q:$Q,Opt_uncon!$A:$A,$P37,Opt_uncon!$C:$C,S$1) -> 0 | T37: =SUMIFS(Opt_uncon!$Q:$Q,Opt_uncon!$A:$A,$P37,Opt_uncon!$C:$C,T$1) -> 0 | U37: =SUMIFS(Opt_uncon!$Q:$Q,Opt_uncon!$A:$A,$P37,Opt_uncon!$C:$C,U$1) -> 0 | V37: =SUMIFS(Opt_uncon!$Q:$Q,Opt_uncon!$A:$A,$P37,Opt_uncon!$C:$C,V$1) -> 0 | W37: =SUMIFS(Opt_uncon!$Q:$Q,Opt_uncon!$A:$A,$P37,Opt_uncon!$C:$C,W$1) -> 0 | X37: =SUMIFS(Opt_uncon!$Q:$Q,Opt_uncon!$A:$A,$P37,Opt_uncon!$C:$C,X$1) -> 0 | ... AL37: =SUMIFS(Opt_uncon!$Q:$Q,Opt_uncon!$A:$A,$P37,Opt_uncon!$C:$C,AL$1) -> 0 | AM37: =SUM(Q37:AL37) -> 31376.776 | AN37: =SUMIFS(Opt_current!Q:Q,Opt_current!A:A,P37) -> 58136.135
P38: Week_37 | Q38: =SUMIFS(Opt_uncon!$Q:$Q,Opt_uncon!$A:$A,$P38,Opt_uncon!$C:$C,Q$1) -> 24943.739 | R38: =SUMIFS(Opt_uncon!$Q:$Q,Opt_uncon!$A:$A,$P38,Opt_uncon!$C:$C,R$1) -> 5458.3641 | S38: =SUMIFS(Opt_uncon!$Q:$Q,Opt_uncon!$A:$A,$P38,Opt_uncon!$C:$C,S$1) -> 0 | T38: =SUMIFS(Opt_uncon!$Q:$Q,Opt_uncon!$A:$A,$P38,Opt_uncon!$C:$C,T$1) -> 0 | U38: =SUMIFS(Opt_uncon!$Q:$Q,Opt_uncon!$A:$A,$P38,Opt_uncon!$C:$C,U$1) -> 0 | V38: =SUMIFS(Opt_uncon!$Q:$Q,Opt_uncon!$A:$A,$P38,Opt_uncon!$C:$C,V$1) -> 0 | W38: =SUMIFS(Opt_uncon!$Q:$Q,Opt_uncon!$A:$A,$P38,Opt_uncon!$C:$C,W$1) -> 0 | X38: =SUMIFS(Opt_uncon!$Q:$Q,Opt_uncon!$A:$A,$P38,Opt_uncon!$C:$C,X$1) -> 0 | ... AL38: =SUMIFS(Opt_uncon!$Q:$Q,Opt_uncon!$A:$A,$P38,Opt_uncon!$C:$C,AL$1) -> 0 | AM38: =SUM(Q38:AL38) -> 72916.906 | AN38: =SUMIFS(Opt_current!Q:Q,Opt_current!A:A,P38) -> 198187.15 | AT38: =SUM(AT28:AT35) -> 4715.5866 | AU38: =SUM(AU28:AU35) -> 4715.5854
P39: Week_38 | Q39: =SUMIFS(Opt_uncon!$Q:$Q,Opt_uncon!$A:$A,$P39,Opt_uncon!$C:$C,Q$1) -> 41551.758 | R39: =SUMIFS(Opt_uncon!$Q:$Q,Opt_uncon!$A:$A,$P39,Opt_uncon!$C:$C,R$1) -> 7298.0467 | S39: =SUMIFS(Opt_uncon!$Q:$Q,Opt_uncon!$A:$A,$P39,Opt_uncon!$C:$C,S$1) -> 0 | T39: =SUMIFS(Opt_uncon!$Q:$Q,Opt_uncon!$A:$A,$P39,Opt_uncon!$C:$C,T$1) -> 0 | U39: =SUMIFS(Opt_uncon!$Q:$Q,Opt_uncon!$A:$A,$P39,Opt_uncon!$C:$C,U$1) -> 0 | V39: =SUMIFS(Opt_uncon!$Q:$Q,Opt_uncon!$A:$A,$P39,Opt_uncon!$C:$C,V$1) -> 0 | W39: =SUMIFS(Opt_uncon!$Q:$Q,Opt_uncon!$A:$A,$P39,Opt_uncon!$C:$C,W$1) -> 0 | X39: =SUMIFS(Opt_uncon!$Q:$Q,Opt_uncon!$A:$A,$P39,Opt_uncon!$C:$C,X$1) -> 0 | ... AL39: =SUMIFS(Opt_uncon!$Q:$Q,Opt_uncon!$A:$A,$P39,Opt_uncon!$C:$C,AL$1) -> 0 | AM39: =SUM(Q39:AL39) -> 136624.36 | AN39: =SUMIFS(Opt_current!Q:Q,Opt_current!A:A,P39) -> 72436.2
P40: Week_39 | Q40: =SUMIFS(Opt_uncon!$Q:$Q,Opt_uncon!$A:$A,$P40,Opt_uncon!$C:$C,Q$1) -> 31522.039 | R40: =SUMIFS(Opt_uncon!$Q:$Q,Opt_uncon!$A:$A,$P40,Opt_uncon!$C:$C,R$1) -> 9409.6543 | S40: =SUMIFS(Opt_uncon!$Q:$Q,Opt_uncon!$A:$A,$P40,Opt_uncon!$C:$C,S$1) -> 0 | T40: =SUMIFS(Opt_uncon!$Q:$Q,Opt_uncon!$A:$A,$P40,Opt_uncon!$C:$C,T$1) -> 0 | U40: =SUMIFS(Opt_uncon!$Q:$Q,Opt_uncon!$A:$A,$P40,Opt_uncon!$C:$C,U$1) -> 0 | V40: =SUMIFS(Opt_uncon!$Q:$Q,Opt_uncon!$A:$A,$P40,Opt_uncon!$C:$C,V$1) -> 0 | W40: =SUMIFS(Opt_uncon!$Q:$Q,Opt_uncon!$A:$A,$P40,Opt_uncon!$C:$C,W$1) -> 0 | X40: =SUMIFS(Opt_uncon!$Q:$Q,Opt_uncon!$A:$A,$P40,Opt_uncon!$C:$C,X$1) -> 0 | ... AL40: =SUMIFS(Opt_uncon!$Q:$Q,Opt_uncon!$A:$A,$P40,Opt_uncon!$C:$C,AL$1) -> 0 | AM40: =SUM(Q40:AL40) -> 64998.567 | AN40: =SUMIFS(Opt_current!Q:Q,Opt_current!A:A,P40) -> 278885.2
P41: Week_40 | Q41: =SUMIFS(Opt_uncon!$Q:$Q,Opt_uncon!$A:$A,$P41,Opt_uncon!$C:$C,Q$1) -> 32099.422 | R41: =SUMIFS(Opt_uncon!$Q:$Q,Opt_uncon!$A:$A,$P41,Opt_uncon!$C:$C,R$1) -> 8381.2845 | S41: =SUMIFS(Opt_uncon!$Q:$Q,Opt_uncon!$A:$A,$P41,Opt_uncon!$C:$C,S$1) -> 0 | T41: =SUMIFS(Opt_uncon!$Q:$Q,Opt_uncon!$A:$A,$P41,Opt_uncon!$C:$C,T$1) -> 0 | U41: =SUMIFS(Opt_uncon!$Q:$Q,Opt_uncon!$A:$A,$P41,Opt_uncon!$C:$C,U$1) -> 0 | V41: =SUMIFS(Opt_uncon!$Q:$Q,Opt_uncon!$A:$A,$P41,Opt_uncon!$C:$C,V$1) -> 0 | W41: =SUMIFS(Opt_uncon!$Q:$Q,Opt_uncon!$A:$A,$P41,Opt_uncon!$C:$C,W$1) -> 0 | X41: =SUMIFS(Opt_uncon!$Q:$Q,Opt_uncon!$A:$A,$P41,Opt_uncon!$C:$C,X$1) -> 0 | ... AL41: =SUMIFS(Opt_uncon!$Q:$Q,Opt_uncon!$A:$A,$P41,Opt_uncon!$C:$C,AL$1) -> 0 | AM41: =SUM(Q41:AL41) -> 59095.429 | AN41: =SUMIFS(Opt_current!Q:Q,Opt_current!A:A,P41) -> 92906.268 | AS41: =AS28 -> TV | AT41: =AT28/$AT$38 -> 0.60521732
P42: Week_41 | Q42: =SUMIFS(Opt_uncon!$Q:$Q,Opt_uncon!$A:$A,$P42,Opt_uncon!$C:$C,Q$1) -> 6619.6751 | R42: =SUMIFS(Opt_uncon!$Q:$Q,Opt_uncon!$A:$A,$P42,Opt_uncon!$C:$C,R$1) -> 4091.52 | S42: =SUMIFS(Opt_uncon!$Q:$Q,Opt_uncon!$A:$A,$P42,Opt_uncon!$C:$C,S$1) -> 0 | T42: =SUMIFS(Opt_uncon!$Q:$Q,Opt_uncon!$A:$A,$P42,Opt_uncon!$C:$C,T$1) -> 0 | U42: =SUMIFS(Opt_uncon!$Q:$Q,Opt_uncon!$A:$A,$P42,Opt_uncon!$C:$C,U$1) -> 0 | V42: =SUMIFS(Opt_uncon!$Q:$Q,Opt_uncon!$A:$A,$P42,Opt_uncon!$C:$C,V$1) -> 0 | W42: =SUMIFS(Opt_uncon!$Q:$Q,Opt_uncon!$A:$A,$P42,Opt_uncon!$C:$C,W$1) -> 0 | X42: =SUMIFS(Opt_uncon!$Q:$Q,Opt_uncon!$A:$A,$P42,Opt_uncon!$C:$C,X$1) -> 0 | ... AL42: =SUMIFS(Opt_uncon!$Q:$Q,Opt_uncon!$A:$A,$P42,Opt_uncon!$C:$C,AL$1) -> 0 | AM42: =SUM(Q42:AL42) -> 107203.66 | AN42: =SUMIFS(Opt_current!Q:Q,Opt_current!A:A,P42) -> 193147.54 | AS42: =AS29 -> VOD | AT42: =AT29/$AT$38 -> 0.31893144
P43: Week_42 | Q43: =SUMIFS(Opt_uncon!$Q:$Q,Opt_uncon!$A:$A,$P43,Opt_uncon!$C:$C,Q$1) -> 25032.094 | R43: =SUMIFS(Opt_uncon!$Q:$Q,Opt_uncon!$A:$A,$P43,Opt_uncon!$C:$C,R$1) -> 7904.5616 | S43: =SUMIFS(Opt_uncon!$Q:$Q,Opt_uncon!$A:$A,$P43,Opt_uncon!$C:$C,S$1) -> 0 | T43: =SUMIFS(Opt_uncon!$Q:$Q,Opt_uncon!$A:$A,$P43,Opt_uncon!$C:$C,T$1) -> 0 | U43: =SUMIFS(Opt_uncon!$Q:$Q,Opt_uncon!$A:$A,$P43,Opt_uncon!$C:$C,U$1) -> 0 | V43: =SUMIFS(Opt_uncon!$Q:$Q,Opt_uncon!$A:$A,$P43,Opt_uncon!$C:$C,V$1) -> 0 | W43: =SUMIFS(Opt_uncon!$Q:$Q,Opt_uncon!$A:$A,$P43,Opt_uncon!$C:$C,W$1) -> 0 | X43: =SUMIFS(Opt_uncon!$Q:$Q,Opt_uncon!$A:$A,$P43,Opt_uncon!$C:$C,X$1) -> 0 | ... AL43: =SUMIFS(Opt_uncon!$Q:$Q,Opt_uncon!$A:$A,$P43,Opt_uncon!$C:$C,AL$1) -> 0 | AM43: =SUM(Q43:AL43) -> 56643.929 | AN43: =SUMIFS(Opt_current!Q:Q,Opt_current!A:A,P43) -> 89096.549 | AS43: =AS30 -> Display | AT43: =AT30/$AT$38 -> 0
P44: Week_43 | Q44: =SUMIFS(Opt_uncon!$Q:$Q,Opt_uncon!$A:$A,$P44,Opt_uncon!$C:$C,Q$1) -> 26654.982 | R44: =SUMIFS(Opt_uncon!$Q:$Q,Opt_uncon!$A:$A,$P44,Opt_uncon!$C:$C,R$1) -> 7884.1302 | S44: =SUMIFS(Opt_uncon!$Q:$Q,Opt_uncon!$A:$A,$P44,Opt_uncon!$C:$C,S$1) -> 0 | T44: =SUMIFS(Opt_uncon!$Q:$Q,Opt_uncon!$A:$A,$P44,Opt_uncon!$C:$C,T$1) -> 0 | U44: =SUMIFS(Opt_uncon!$Q:$Q,Opt_uncon!$A:$A,$P44,Opt_uncon!$C:$C,U$1) -> 0 | V44: =SUMIFS(Opt_uncon!$Q:$Q,Opt_uncon!$A:$A,$P44,Opt_uncon!$C:$C,V$1) -> 0 | W44: =SUMIFS(Opt_uncon!$Q:$Q,Opt_uncon!$A:$A,$P44,Opt_uncon!$C:$C,W$1) -> 0 | X44: =SUMIFS(Opt_uncon!$Q:$Q,Opt_uncon!$A:$A,$P44,Opt_uncon!$C:$C,X$1) -> 0 | ... AL44: =SUMIFS(Opt_uncon!$Q:$Q,Opt_uncon!$A:$A,$P44,Opt_uncon!$C:$C,AL$1) -> 0 | AM44: =SUM(Q44:AL44) -> 51484.647 | AN44: =SUMIFS(Opt_current!Q:Q,Opt_current!A:A,P44) -> 170582.75 | AS44: =AS31 -> Social Video | AT44: =AT31/$AT$38 -> 0.025843967
P45: Week_44 | Q45: =SUMIFS(Opt_uncon!$Q:$Q,Opt_uncon!$A:$A,$P45,Opt_uncon!$C:$C,Q$1) -> 29742.808 | R45: =SUMIFS(Opt_uncon!$Q:$Q,Opt_uncon!$A:$A,$P45,Opt_uncon!$C:$C,R$1) -> 9022.653 | S45: =SUMIFS(Opt_uncon!$Q:$Q,Opt_uncon!$A:$A,$P45,Opt_uncon!$C:$C,S$1) -> 0 | T45: =SUMIFS(Opt_uncon!$Q:$Q,Opt_uncon!$A:$A,$P45,Opt_uncon!$C:$C,T$1) -> 0 | U45: =SUMIFS(Opt_uncon!$Q:$Q,Opt_uncon!$A:$A,$P45,Opt_uncon!$C:$C,U$1) -> 0 | V45: =SUMIFS(Opt_uncon!$Q:$Q,Opt_uncon!$A:$A,$P45,Opt_uncon!$C:$C,V$1) -> 0 | W45: =SUMIFS(Opt_uncon!$Q:$Q,Opt_uncon!$A:$A,$P45,Opt_uncon!$C:$C,W$1) -> 0 | X45: =SUMIFS(Opt_uncon!$Q:$Q,Opt_uncon!$A:$A,$P45,Opt_uncon!$C:$C,X$1) -> 0 | ... AL45: =SUMIFS(Opt_uncon!$Q:$Q,Opt_uncon!$A:$A,$P45,Opt_uncon!$C:$C,AL$1) -> 0 | AM45: =SUM(Q45:AL45) -> 58305.685 | AN45: =SUMIFS(Opt_current!Q:Q,Opt_current!A:A,P45) -> 95263.777 | AS45: =AS32 -> Social Display | AT45: =AT32/$AT$38 -> 0.009741046
P46: Week_45 | Q46: =SUMIFS(Opt_uncon!$Q:$Q,Opt_uncon!$A:$A,$P46,Opt_uncon!$C:$C,Q$1) -> 37716.985 | R46: =SUMIFS(Opt_uncon!$Q:$Q,Opt_uncon!$A:$A,$P46,Opt_uncon!$C:$C,R$1) -> 7510.1112 | S46: =SUMIFS(Opt_uncon!$Q:$Q,Opt_uncon!$A:$A,$P46,Opt_uncon!$C:$C,S$1) -> 0 | T46: =SUMIFS(Opt_uncon!$Q:$Q,Opt_uncon!$A:$A,$P46,Opt_uncon!$C:$C,T$1) -> 0 | U46: =SUMIFS(Opt_uncon!$Q:$Q,Opt_uncon!$A:$A,$P46,Opt_uncon!$C:$C,U$1) -> 0 | V46: =SUMIFS(Opt_uncon!$Q:$Q,Opt_uncon!$A:$A,$P46,Opt_uncon!$C:$C,V$1) -> 0 | W46: =SUMIFS(Opt_uncon!$Q:$Q,Opt_uncon!$A:$A,$P46,Opt_uncon!$C:$C,W$1) -> 0 | X46: =SUMIFS(Opt_uncon!$Q:$Q,Opt_uncon!$A:$A,$P46,Opt_uncon!$C:$C,X$1) -> 0 | ... AL46: =SUMIFS(Opt_uncon!$Q:$Q,Opt_uncon!$A:$A,$P46,Opt_uncon!$C:$C,AL$1) -> 0 | AM46: =SUM(Q46:AL46) -> 191091.8 | AN46: =SUMIFS(Opt_current!Q:Q,Opt_current!A:A,P46) -> 160806.94 | AS46: =AS33 -> Search | AT46: =AT33/$AT$38 -> 0.04026622
P47: Week_46 | Q47: =SUMIFS(Opt_uncon!$Q:$Q,Opt_uncon!$A:$A,$P47,Opt_uncon!$C:$C,Q$1) -> 20861.933 | R47: =SUMIFS(Opt_uncon!$Q:$Q,Opt_uncon!$A:$A,$P47,Opt_uncon!$C:$C,R$1) -> 7463.0939 | S47: =SUMIFS(Opt_uncon!$Q:$Q,Opt_uncon!$A:$A,$P47,Opt_uncon!$C:$C,S$1) -> 0 | T47: =SUMIFS(Opt_uncon!$Q:$Q,Opt_uncon!$A:$A,$P47,Opt_uncon!$C:$C,T$1) -> 0 | U47: =SUMIFS(Opt_uncon!$Q:$Q,Opt_uncon!$A:$A,$P47,Opt_uncon!$C:$C,U$1) -> 0 | V47: =SUMIFS(Opt_uncon!$Q:$Q,Opt_uncon!$A:$A,$P47,Opt_uncon!$C:$C,V$1) -> 0 | W47: =SUMIFS(Opt_uncon!$Q:$Q,Opt_uncon!$A:$A,$P47,Opt_uncon!$C:$C,W$1) -> 0 | X47: =SUMIFS(Opt_uncon!$Q:$Q,Opt_uncon!$A:$A,$P47,Opt_uncon!$C:$C,X$1) -> 0 | ... AL47: =SUMIFS(Opt_uncon!$Q:$Q,Opt_uncon!$A:$A,$P47,Opt_uncon!$C:$C,AL$1) -> 0 | AM47: =SUM(Q47:AL47) -> 57475.941 | AN47: =SUMIFS(Opt_current!Q:Q,Opt_current!A:A,P47) -> 35834.204 | AS47: =AS34 -> Influencer | AT47: =AT34/$AT$38 -> 0
P48: Week_47 | Q48: =SUMIFS(Opt_uncon!$Q:$Q,Opt_uncon!$A:$A,$P48,Opt_uncon!$C:$C,Q$1) -> 17885.799 | R48: =SUMIFS(Opt_uncon!$Q:$Q,Opt_uncon!$A:$A,$P48,Opt_uncon!$C:$C,R$1) -> 9974.0438 | S48: =SUMIFS(Opt_uncon!$Q:$Q,Opt_uncon!$A:$A,$P48,Opt_uncon!$C:$C,S$1) -> 0 | T48: =SUMIFS(Opt_uncon!$Q:$Q,Opt_uncon!$A:$A,$P48,Opt_uncon!$C:$C,T$1) -> 0 | U48: =SUMIFS(Opt_uncon!$Q:$Q,Opt_uncon!$A:$A,$P48,Opt_uncon!$C:$C,U$1) -> 0 | V48: =SUMIFS(Opt_uncon!$Q:$Q,Opt_uncon!$A:$A,$P48,Opt_uncon!$C:$C,V$1) -> 0 | W48: =SUMIFS(Opt_uncon!$Q:$Q,Opt_uncon!$A:$A,$P48,Opt_uncon!$C:$C,W$1) -> 0 | X48: =SUMIFS(Opt_uncon!$Q:$Q,Opt_uncon!$A:$A,$P48,Opt_uncon!$C:$C,X$1) -> 0 | ... AL48: =SUMIFS(Opt_uncon!$Q:$Q,Opt_uncon!$A:$A,$P48,Opt_uncon!$C:$C,AL$1) -> 0 | AM48: =SUM(Q48:AL48) -> 54765.854 | AN48: =SUMIFS(Opt_current!Q:Q,Opt_current!A:A,P48) -> 26362.816 | AS48: =AS35 -> Content P | AT48: =AT35/$AT$38 -> 0
P49: Week_48 | Q49: =SUMIFS(Opt_uncon!$Q:$Q,Opt_uncon!$A:$A,$P49,Opt_uncon!$C:$C,Q$1) -> 27880.972 | R49: =SUMIFS(Opt_uncon!$Q:$Q,Opt_uncon!$A:$A,$P49,Opt_uncon!$C:$C,R$1) -> 9308.301 | S49: =SUMIFS(Opt_uncon!$Q:$Q,Opt_uncon!$A:$A,$P49,Opt_uncon!$C:$C,S$1) -> 0 | T49: =SUMIFS(Opt_uncon!$Q:$Q,Opt_uncon!$A:$A,$P49,Opt_uncon!$C:$C,T$1) -> 0 | U49: =SUMIFS(Opt_uncon!$Q:$Q,Opt_uncon!$A:$A,$P49,Opt_uncon!$C:$C,U$1) -> 0 | V49: =SUMIFS(Opt_uncon!$Q:$Q,Opt_uncon!$A:$A,$P49,Opt_uncon!$C:$C,V$1) -> 0 | W49: =SUMIFS(Opt_uncon!$Q:$Q,Opt_uncon!$A:$A,$P49,Opt_uncon!$C:$C,W$1) -> 0 | X49: =SUMIFS(Opt_uncon!$Q:$Q,Opt_uncon!$A:$A,$P49,Opt_uncon!$C:$C,X$1) -> 0 | ... AL49: =SUMIFS(Opt_uncon!$Q:$Q,Opt_uncon!$A:$A,$P49,Opt_uncon!$C:$C,AL$1) -> 0 | AM49: =SUM(Q49:AL49) -> 56744.084 | AN49: =SUMIFS(Opt_current!Q:Q,Opt_current!A:A,P49) -> 26218.98
P50: Week_49 | Q50: =SUMIFS(Opt_uncon!$Q:$Q,Opt_uncon!$A:$A,$P50,Opt_uncon!$C:$C,Q$1) -> 0 | R50: =SUMIFS(Opt_uncon!$Q:$Q,Opt_uncon!$A:$A,$P50,Opt_uncon!$C:$C,R$1) -> 6535.1268 | S50: =SUMIFS(Opt_uncon!$Q:$Q,Opt_uncon!$A:$A,$P50,Opt_uncon!$C:$C,S$1) -> 0 | T50: =SUMIFS(Opt_uncon!$Q:$Q,Opt_uncon!$A:$A,$P50,Opt_uncon!$C:$C,T$1) -> 0 | U50: =SUMIFS(Opt_uncon!$Q:$Q,Opt_uncon!$A:$A,$P50,Opt_uncon!$C:$C,U$1) -> 0 | V50: =SUMIFS(Opt_uncon!$Q:$Q,Opt_uncon!$A:$A,$P50,Opt_uncon!$C:$C,V$1) -> 0 | W50: =SUMIFS(Opt_uncon!$Q:$Q,Opt_uncon!$A:$A,$P50,Opt_uncon!$C:$C,W$1) -> 0 | X50: =SUMIFS(Opt_uncon!$Q:$Q,Opt_uncon!$A:$A,$P50,Opt_uncon!$C:$C,X$1) -> 0 | ... AL50: =SUMIFS(Opt_uncon!$Q:$Q,Opt_uncon!$A:$A,$P50,Opt_uncon!$C:$C,AL$1) -> 0 | AM50: =SUM(Q50:AL50) -> 28498.027 | AN50: =SUMIFS(Opt_current!Q:Q,Opt_current!A:A,P50) -> 17847.341
P51: Week_50 | Q51: =SUMIFS(Opt_uncon!$Q:$Q,Opt_uncon!$A:$A,$P51,Opt_uncon!$C:$C,Q$1) -> 46897.026 | R51: =SUMIFS(Opt_uncon!$Q:$Q,Opt_uncon!$A:$A,$P51,Opt_uncon!$C:$C,R$1) -> 8532.2308 | S51: =SUMIFS(Opt_uncon!$Q:$Q,Opt_uncon!$A:$A,$P51,Opt_uncon!$C:$C,S$1) -> 0 | T51: =SUMIFS(Opt_uncon!$Q:$Q,Opt_uncon!$A:$A,$P51,Opt_uncon!$C:$C,T$1) -> 0 | U51: =SUMIFS(Opt_uncon!$Q:$Q,Opt_uncon!$A:$A,$P51,Opt_uncon!$C:$C,U$1) -> 0 | V51: =SUMIFS(Opt_uncon!$Q:$Q,Opt_uncon!$A:$A,$P51,Opt_uncon!$C:$C,V$1) -> 0 | W51: =SUMIFS(Opt_uncon!$Q:$Q,Opt_uncon!$A:$A,$P51,Opt_uncon!$C:$C,W$1) -> 0 | X51: =SUMIFS(Opt_uncon!$Q:$Q,Opt_uncon!$A:$A,$P51,Opt_uncon!$C:$C,X$1) -> 0 | ... AL51: =SUMIFS(Opt_uncon!$Q:$Q,Opt_uncon!$A:$A,$P51,Opt_uncon!$C:$C,AL$1) -> 0 | AM51: =SUM(Q51:AL51) -> 163478.32 | AN51: =SUMIFS(Opt_current!Q:Q,Opt_current!A:A,P51) -> 18418.517
P52: Week_51 | Q52: =SUMIFS(Opt_uncon!$Q:$Q,Opt_uncon!$A:$A,$P52,Opt_uncon!$C:$C,Q$1) -> 39674.632 | R52: =SUMIFS(Opt_uncon!$Q:$Q,Opt_uncon!$A:$A,$P52,Opt_uncon!$C:$C,R$1) -> 9071.4917 | S52: =SUMIFS(Opt_uncon!$Q:$Q,Opt_uncon!$A:$A,$P52,Opt_uncon!$C:$C,S$1) -> 0 | T52: =SUMIFS(Opt_uncon!$Q:$Q,Opt_uncon!$A:$A,$P52,Opt_uncon!$C:$C,T$1) -> 0 | U52: =SUMIFS(Opt_uncon!$Q:$Q,Opt_uncon!$A:$A,$P52,Opt_uncon!$C:$C,U$1) -> 0 | V52: =SUMIFS(Opt_uncon!$Q:$Q,Opt_uncon!$A:$A,$P52,Opt_uncon!$C:$C,V$1) -> 0 | W52: =SUMIFS(Opt_uncon!$Q:$Q,Opt_uncon!$A:$A,$P52,Opt_uncon!$C:$C,W$1) -> 0 | X52: =SUMIFS(Opt_uncon!$Q:$Q,Opt_uncon!$A:$A,$P52,Opt_uncon!$C:$C,X$1) -> 0 | ... AL52: =SUMIFS(Opt_uncon!$Q:$Q,Opt_uncon!$A:$A,$P52,Opt_uncon!$C:$C,AL$1) -> 0 | AM52: =SUM(Q52:AL52) -> 94074.658 | AN52: =SUMIFS(Opt_current!Q:Q,Opt_current!A:A,P52) -> 23295.255
P53: Week_52 | Q53: =SUMIFS(Opt_uncon!$Q:$Q,Opt_uncon!$A:$A,$P53,Opt_uncon!$C:$C,Q$1) -> 0 | R53: =SUMIFS(Opt_uncon!$Q:$Q,Opt_uncon!$A:$A,$P53,Opt_uncon!$C:$C,R$1) -> 6723.8725 | S53: =SUMIFS(Opt_uncon!$Q:$Q,Opt_uncon!$A:$A,$P53,Opt_uncon!$C:$C,S$1) -> 0 | T53: =SUMIFS(Opt_uncon!$Q:$Q,Opt_uncon!$A:$A,$P53,Opt_uncon!$C:$C,T$1) -> 0 | U53: =SUMIFS(Opt_uncon!$Q:$Q,Opt_uncon!$A:$A,$P53,Opt_uncon!$C:$C,U$1) -> 0 | V53: =SUMIFS(Opt_uncon!$Q:$Q,Opt_uncon!$A:$A,$P53,Opt_uncon!$C:$C,V$1) -> 0 | W53: =SUMIFS(Opt_uncon!$Q:$Q,Opt_uncon!$A:$A,$P53,Opt_uncon!$C:$C,W$1) -> 0 | X53: =SUMIFS(Opt_uncon!$Q:$Q,Opt_uncon!$A:$A,$P53,Opt_uncon!$C:$C,X$1) -> 0 | ... AL53: =SUMIFS(Opt_uncon!$Q:$Q,Opt_uncon!$A:$A,$P53,Opt_uncon!$C:$C,AL$1) -> 0 | AM53: =SUM(Q53:AL53) -> 23618.324 | AN53: =SUMIFS(Opt_current!Q:Q,Opt_current!A:A,P53) -> 21132.42

Sheet Opt_uncon
A1: Period | B1: Product | C1: Media | D1: Halo | E1: Group | F1: VolumeBase | G1: Price | H1: UpliftMax | I1: UpliftFactor | J1: UnitSlope | K1: Carryover | L1: CostPerUnit | M1: SpendFixed | N1: SpendMin | O1: SpendMax | P1: SpendThreshold | Q1: SpendOpt | R1: VolumeOpt | S1: ContribOpt | T1: SaturationOpt
A2: Week_40_old | B2: FiFi | C2: tv.fifi | E2: =IF(RIGHT(A2,3)="old","Initial",B2&"-"&C2) -> Initial | F2: =Data!AN2 -> 393432.47 | G2: =Data!AP2 -> 6.2941961 | H2: =VLOOKUP(C2,parms,3,FALSE) -> 0.030461531 | I2: =VLOOKUP(C2,parms,8,FALSE) -> 3.15 | J2: =VLOOKUP(C2,parms,4,FALSE) -> 63.027153 | K2: =VLOOKUP(C2,parms,6,FALSE) -> 0.65 | L2: =Data!BL2 -> 1830.2632 | M2: =VLOOKUP(C2,Data!$CB$2:$EB$22,1+VALUE(MID(A2,6,2)),FALSE) -> 3043.56 | P2: 3500 | Q2: 3043.56 | R2: 312.06563 | S2: 3143.6771 | T2: 0.026038982
A3: Week_41_old | B3: FiFi | C3: tv.fifi | E3: =IF(RIGHT(A3,3)="old","Initial",B3&"-"&C3) -> Initial | F3: =Data!AN3 -> 228081.02 | G3: =Data!AP3 -> 7.9971815 | H3: =H2 -> 0.030461531 | I3: =I2 -> 3.15 | J3: =J2 -> 63.027153 | K3: =K2 -> 0.65 | L3: =Data!BL3 -> 1725.3904 | M3: =VLOOKUP(C3,Data!$CB$2:$EB$22,1+VALUE(MID(A3,6,2)),FALSE) -> 14599.11 | P3: =P2 -> 3500 | Q3: 14599.11 | R3: 976.11696 | S3: 9990.371 | T3: 0.14049504
A4: Week_42_old | B4: FiFi | C4: tv.fifi | E4: =IF(RIGHT(A4,3)="old","Initial",B4&"-"&C4) -> Initial | F4: =Data!AN4 -> 317634.99 | G4: =Data!AP4 -> 6.7548153 | H4: =H3 -> 0.030461531 | I4: =I3 -> 3.15 | J4: =J3 -> 63.027153 | K4: =K3 -> 0.65 | L4: =Data!BL4 -> 1946.9834 | M4: =VLOOKUP(C4,Data!$CB$2:$EB$22,1+VALUE(MID(A4,6,2)),FALSE) -> 396.47 | P4: =P3 -> 3500 | Q4: 396.47 | R4: 935.10609 | S4: 19500.407 | T4: 0.096645317
A5: Week_43_old | B5: FiFi | C5: tv.fifi | E5: =IF(RIGHT(A5,3)="old","Initial",B5&"-"&C5) -> Initial | F5: =Data!AN5 -> 322486.62 | G5: =Data!AP5 -> 6.9739034 | H5: =H4 -> 0.030461531 | I5: =I4 -> 3.15 | J5: =J4 -> 63.027153 | K5: =K4 -> 0.65 | L5: =Data!BL5 -> 1944.8608 | M5: =VLOOKUP(C5,Data!$CB$2:$EB$22,1+VALUE(MID(A5,6,2)),FALSE) -> 44909.79 | P5: =P4 -> 3500 | Q5: 44909.79 | R5: 3448.7758 | S5: 30852.212 | T5: 0.35107631
A6: Week_44_old | B6: FiFi | C6: tv.fifi | E6: =IF(RIGHT(A6,3)="old","Initial",B6&"-"&C6) -> Initial | F6: =Data!AN6 -> 401386.28 | G6: =Data!AP6 -> 6.2238891 | H6: =H5 -> 0.030461531 | I6: =I5 -> 3.15 | J6: =J5 -> 63.027153 | K6: =K5 -> 0.65 | L6: =Data!BL6 -> 2085.2621 | M6: =VLOOKUP(C6,Data!$CB$2:$EB$22,1+VALUE(MID(A6,6,2)),FALSE) -> 1534.66 | P6: =P5 -> 3500 | Q6: 1534.66 | R6: 3103.1839 | S6: 59304.038 | T6: 0.25380095
A7: Week_45_old | B7: FiFi | C7: tv.fifi | E7: =IF(RIGHT(A7,3)="old","Initial",B7&"-"&C7) -> Initial | F7: =Data!AN7 -> 309588.9 | G7: =Data!AP7 -> 6.9990429 | H7: =H6 -> 0.030461531 | I7: =I6 -> 3.15 | J7: =J6 -> 63.027153 | K7: =K6 -> 0.65 | L7: =Data!BL7 -> 1650.6524 | M7: =VLOOKUP(C7,Data!$CB$2:$EB$22,1+VALUE(MID(A7,6,2)),FALSE) -> 51717.14 | P7: =P6 -> 3500 | Q7: 51717.14 | R7: 4688.1192 | S7: 51641.754 | T7: 0.49712034
A8: Week_46_old | B8: FiFi | C8: tv.fifi | E8: =IF(RIGHT(A8,3)="old","Initial",B8&"-"&C8) -> Initial | F8: =Data!AN8 -> 309968.78 | G8: =Data!AP8 -> 6.976701 | H8: =H7 -> 0.030461531 | I8: =I7 -> 3.15 | J8: =J7 -> 63.027153 | K8: =K7 -> 0.65 | L8: =Data!BL8 -> 1731.9975 | M8: =VLOOKUP(C8,Data!$CB$2:$EB$22,1+VALUE(MID(A8,6,2)),FALSE) -> 1858.89 | P8: =P7 -> 3500 | Q8: 1858.89 | R8: 3504.319 | S8: 75154.156 | T8: 0.37113674
A9: Week_47_old | B9: FiFi | C9: tv.fifi | E9: =IF(RIGHT(A9,3)="old","Initial",B9&"-"&C9) -> Initial | F9: =Data!AN9 -> 454180.53 | G9: =Data!AP9 -> 6.0080329 | H9: =H8 -> 0.030461531 | I9: =I8 -> 3.15 | J9: =J8 -> 63.027153 | K9: =K8 -> 0.65 | L9: =Data!BL9 -> 2385.2246 | M9: =VLOOKUP(C9,Data!$CB$2:$EB$22,1+VALUE(MID(A9,6,2)),FALSE) -> 0 | P9: =P8 -> 3500 | Q9: 0 | R9: 3601.1199 | S9: 68152.287 | T9: 0.26028991
A10: Week_48_old | B10: FiFi | C10: tv.fifi | E10: =IF(RIGHT(A10,3)="old","Initial",B10&"-"&C10) -> Initial | F10: =Data!AN10 -> 455011.74 | G10: =Data!AP10 -> 6.0449284 | H10: =H9 -> 0.030461531 | I10: =I9 -> 3.15 | J10: =J9 -> 63.027153 | K10: =K9 -> 0.65 | L10: =Data!BL10 -> 2385.2246 | M10: =VLOOKUP(C10,Data!$CB$2:$EB$22,1+VALUE(MID(A10,6,2)),FALSE) -> 0 | P10: =P9 -> 3500 | Q10: 0 | R10: 2466.666 | S10: 46969.081 | T10: 0.17796558
A11: Week_49_old | B11: FiFi | C11: tv.fifi | E11: =IF(RIGHT(A11,3)="old","Initial",B11&"-"&C11) -> Initial | F11: =Data!AN11 -> 290055.89 | G11: =Data!AP11 -> 7.3475859 | H11: =H10 -> 0.030461531 | I11: =I10 -> 3.15 | J11: =J10 -> 63.027153 | K11: =K10 -> 0.65 | L11: =Data!BL11 -> 2385.2246 | M11: =VLOOKUP(C11,Data!$CB$2:$EB$22,1+VALUE(MID(A11,6,2)),FALSE) -> 0 | P11: =P10 -> 3500 | Q11: 0 | R11: 1056.7588 | S11: 24458.573 | T11: 0.11960311
A12: Week_50_old | B12: FiFi | C12: tv.fifi | E12: =IF(RIGHT(A12,3)="old","Initial",B12&"-"&C12) -> Initial | F12: =Data!AN12 -> 348451.97 | G12: =Data!AP12 -> 6.6816215 | H12: =H11 -> 0.030461531 | I12: =I11 -> 3.15 | J12: =J11 -> 63.027153 | K12: =K11 -> 0.65 | L12: =Data!BL12 -> 2011.4208 | M12: =VLOOKUP(C12,Data!$CB$2:$EB$22,1+VALUE(MID(A12,6,2)),FALSE) -> 0 | P12: =P11 -> 3500 | Q12: 0 | R12: 843.45555 | S12: 17752.3 | T12: 0.079463472
A13: Week_51_old | B13: FiFi | C13: tv.fifi | E13: =IF(RIGHT(A13,3)="old","Initial",B13&"-"&C13) -> Initial | F13: =Data!AN13 -> 427408.08 | G13: =Data!AP13 -> 6.1680815 | H13: =H12 -> 0.030461531 | I13: =I12 -> 3.15 | J13: =J12 -> 63.027153 | K13: =K12 -> 0.65 | L13: =Data!BL13 -> 2011.4208 | M13: =VLOOKUP(C13,Data!$CB$2:$EB$22,1+VALUE(MID(A13,6,2)),FALSE) -> 0 | P13: =P12 -> 3500 | Q13: 0 | R13: 682.17617 | S13: 13254.312 | T13: 0.052396476
A14: Week_52_old | B14: FiFi | C14: tv.fifi | E14: =IF(RIGHT(A14,3)="old","Initial",B14&"-"&C14) -> Initial | F14: =Data!AN14 -> 330189.5 | G14: =Data!AP14 -> 6.4579352 | H14: =H13 -> 0.030461531 | I14: =I13 -> 3.15 | J14: =J13 -> 63.027153 | K14: =K13 -> 0.65 | L14: =Data!BL14 -> 2011.4208 | M14: =VLOOKUP(C14,Data!$CB$2:$EB$22,1+VALUE(MID(A14,6,2)),FALSE) -> 0 | P14: =P13 -> 3500 | Q14: 0 | R14: 345.77253 | S14: 7033.8764 | T14: 0.034377596
A15: Week_01 | B15: FiFi | C15: tv.fifi | E15: =IF(RIGHT(A15,3)="old","Initial",B15&"-"&C15) -> FiFi-tv.fifi | F15: =Data!AN15 -> 340832.86 | G15: =Data!AP15 -> 6.8003507 | H15: =H14 -> 0.030461531 | I15: =I14 -> 3.15 | J15: =J14 -> 63.027153 | K15: =K14 -> 0.65 | L15: =Data!BL15 -> 2011.4208 | P15: =P14 -> 3500 | Q15: 71471.962 | R15: 4606.9982 | S15: 27215.029 | T15: 0.44373619
A16: Week_02 | B16: FiFi | C16: tv.fifi | E16: =IF(RIGHT(A16,3)="old","Initial",B16&"-"&C16) -> FiFi-tv.fifi | F16: =Data!AN16 -> 439217.37 | G16: =Data!AP16 -> 6.2729203 | H16: =H15 -> 0.030461531 | I16: =I15 -> 3.15 | J16: =J15 -> 63.027153 | K16: =K15 -> 0.65 | L16: =Data!BL16 -> 1316.369 | P16: =P15 -> 3500 | Q16: 69864.76 | R16: 9442.3419 | S16: 116713.07 | T16: 0.70574609
A17: Week_03 | B17: FiFi | C17: tv.fifi | E17: =IF(RIGHT(A17,3)="old","Initial",B17&"-"&C17) -> FiFi-tv.fifi | F17: =Data!AN17 -> 392882.01 | G17: =Data!AP17 -> 6.5115708 | H17: =H16 -> 0.030461531 | I17: =I16 -> 3.15 | J17: =J16 -> 63.027153 | K17: =K16 -> 0.65 | L17: =Data!BL17 -> 1613.3688 | P17: =P16 -> 3500 | Q17: 11944.44 | R17: 7163.053 | S17: 134980.15 | T17: 0.59852775
A18: Week_04 | B18: FiFi | C18: tv.fifi | E18: =IF(RIGHT(A18,3)="old","Initial",B18&"-"&C18) -> FiFi-tv.fifi | F18: =Data!AN18 -> 287120.72 | G18: =Data!AP18 -> 7.4241409 | H18: =H17 -> 0.030461531 | I18: =I17 -> 3.15 | J18: =J17 -> 63.027153 | K18: =K17 -> 0.65 | L18: =Data!BL18 -> 1235.0682 | P18: =P17 -> 3500 | Q18: 31953.064 | R18: 5540.4404 | S18: 97615.919 | T18: 0.63347287
A19: Week_05 | B19: FiFi | C19: tv.fifi | E19: =IF(RIGHT(A19,3)="old","Initial",B19&"-"&C19) -> FiFi-tv.fifi | F19: =Data!AN19 -> 319043.21 | G19: =Data!AP19 -> 7.2881301 | H19: =H18 -> 0.030461531 | I19: =I18 -> 3.15 | J19: =J18 -> 63.027153 | K19: =K18 -> 0.65 | L19: =Data!BL19 -> 1600.0804 | P19: =P18 -> 3500 | Q19: 18929.073 | R19: 5523.3322 | S19: 107873.43 | T19: 0.56832913
A20: Week_06 | B20: FiFi | C20: tv.fifi | E20: =IF(RIGHT(A20,3)="old","Initial",B20&"-"&C20) -> FiFi-tv.fifi | F20: =Data!AN20 -> 242439.85 | G20: =Data!AP20 -> 8.3972136 | H20: =H19 -> 0.030461531 | I20: =I19 -> 3.15 | J20: =J19 -> 63.027153 | K20: =K19 -> 0.65 | L20: =Data!BL20 -> 1560.3789 | P20: =P19 -> 3500 | Q20: 19946.281 | R20: 3892.699 | S20: 83020.369 | T20: 0.52710251
A21: Week_07 | B21: FiFi | C21: tv.fifi | E21: =IF(RIGHT(A21,3)="old","Initial",B21&"-"&C21) -> FiFi-tv.fifi | F21: =Data!AN21 -> 452969.13 | G21: =Data!AP21 -> 6.5182322 | H21: =H20 -> 0.030461531 | I21: =I20 -> 3.15 | J21: =J20 -> 63.027153 | K21: =K20 -> 0.65 | L21: =Data!BL21 -> 1755.0705 | P21: =P20 -> 3500 | Q21: 50408.301 | R21: 8421.4986 | S21: 122505.54 | T21: 0.61033607
A22: Week_08 | B22: FiFi | C22: tv.fifi | E22: =IF(RIGHT(A22,3)="old","Initial",B22&"-"&C22) -> FiFi-tv.fifi | F22: =Data!AN22 -> 374829.34 | G22: =Data!AP22 -> 7.0414807 | H22: =H21 -> 0.030461531 | I22: =I21 -> 3.15 | J22: =J21 -> 63.027153 | K22: =K21 -> 0.65 | L22: =Data!BL22 -> 1419.9591 | P22: =P21 -> 3500 | Q22: 41982.615 | R22: 7547.0273 | S22: 125415.46 | T22: 0.66098349
A23: Week_09 | B23: FiFi | C23: tv.fifi | E23: =IF(RIGHT(A23,3)="old","Initial",B23&"-"&C23) -> FiFi-tv.fifi | F23: =Data!AN23 -> 369195.69 | G23: =Data!AP23 -> 6.974184 | H23: =H22 -> 0.030461531 | I23: =I22 -> 3.15 | J23: =J22 -> 63.027153 | K23: =K22 -> 0.65 | L23: =Data!BL23 -> 1825.6779 | P23: =P22 -> 3500 | Q23: 11280.911 | R23: 6198.7845 | S23: 124898.2 | T23: 0.551186
A24: Week_10 | B24: FiFi | C24: tv.fifi | E24: =IF(RIGHT(A24,3)="old","Initial",B24&"-"&C24) -> FiFi-tv.fifi | F24: =Data!AN24 -> 327686.09 | G24: =Data!AP24 -> 7.4058431 | H24: =H23 -> 0.030461531 | I24: =I23 -> 3.15 | J24: =J23 -> 63.027153 | K24: =K23 -> 0.65 | L24: =Data!BL24 -> 1504.6108 | P24: =P23 -> 3500 | Q24: 41399.672 | R24: 6149.5438 | S24: 102059.38 | T24: 0.61607439
A25: Week_11 | B25: FiFi | C25: tv.fifi | E25: =IF(RIGHT(A25,3)="old","Initial",B25&"-"&C25) -> FiFi-tv.fifi | F25: =Data!AN25 -> 447161.26 | G25: =Data!AP25 -> 6.5316917 | H25: =H24 -> 0.030461531 | I25: =I24 -> 3.15 | J25: =J24 -> 63.027153 | K25: =K24 -> 0.65 | L25: =Data!BL25 -> 1970.6821 | P25: =P24 -> 3500 | Q25: 25899.868 | R25: 7686.2777 | S25: 132243.98 | T25: 0.56428716
A26: Week_12 | B26: FiFi | C26: tv.fifi | E26: =IF(RIGHT(A26,3)="old","Initial",B26&"-"&C26) -> FiFi-tv.fifi | F26: =Data!AN26 -> 382858.71 | G26: =Data!AP26 -> 6.8320566 | H26: =H25 -> 0.030461531 | I26: =I25 -> 3.15 | J26: =J25 -> 63.027153 | K26: =K25 -> 0.65 | L26: =Data!BL26 -> 1732.3697 | P26: =P25 -> 3500 | Q26: 34287.041 | R26: 6697.7747 | S26: 109855.62 | T26: 0.57430192
... A66: Week_52 | B66: FiFi | C66: tv.fifi | E66: =IF(RIGHT(A66,3)="old","Initial",B66&"-"&C66) -> FiFi-tv.fifi | F66: =Data!AN66 -> 330189.5 | G66: =Data!AP66 -> 6.4579352 | H66: =H65 -> 0.030461531 | I66: =I65 -> 3.15 | J66: =J65 -> 63.027153 | K66: =K65 -> 0.65 | L66: =Data!BL66 -> 2011.4208 | P66: =P65 -> 3500 | Q66: 0 | R66: 3695.3371 | S66: 75172.381 | T66: 0.36739993
A68: Week_40_old | B68: FiFi | C68: tv.fifi | D68: =A68&"-generic-cofi" -> Week_40_old-generic-cofi | E68: =IF(RIGHT(A68,3)="old","Initial",B68&"-"&C68) -> Initial | H68: =SUMIFS(Data!N$2:N$48,Data!$L$2:$L$48,$C68,Data!$M$2:$M$48,RIGHT($D68,4)) -> 0.0041802592 | I68: =VLOOKUP(C68,parms,8,FALSE) -> 3.15 | J68: =SUMIFS(Data!O$2:O$48,Data!$L$2:$L$48,$C68,Data!$M$2:$M$48,RIGHT($D68,4)) -> 84.453237 | K68: =SUMIFS(Data!Q$2:Q$48,Data!$L$2:$L$48,$C68,Data!$M$2:$M$48,RIGHT($D68,4)) -> 0.65 | L68: =Data!BL2 -> 1830.2632 | Q68: 0 | R68: 8.2454943 | S68: 184.49269 | T68: 0.019497698
A69: Week_41_old | B69: FiFi | C69: tv.fifi | D69: =A69&"-generic-cofi" -> Week_41_old-generic-cofi | E69: =IF(RIGHT(A69,3)="old","Initial",B69&"-"&C69) -> Initial | H69: =H68 -> 0.0041802592 | I69: =I68 -> 3.15 | J69: =J68 -> 84.453237 | K69: =K68 -> 0.65 | L69: =Data!BL3 -> 1725.3904 | Q69: 0 | R69: 65.774375 | S69: 1286.9031 | T69: 0.10683889
A70: Week_42_old | B70: FiFi | C70: tv.fifi | D70: =A70&"-generic-cofi" -> Week_42_old-generic-cofi | E70: =IF(RIGHT(A70,3)="old","Initial",B70&"-"&C70) -> Initial | H70: =H69 -> 0.0041802592 | I70: =I69 -> 3.15 | J70: =J69 -> 84.453237 | K70: =K69 -> 0.65 | L70: =Data!BL4 -> 1946.9834 | Q70: 0 | R70: 42.75948 | S70: 860.39271 | T70: 0.073048086
A71: Week_43_old | B71: FiFi | C71: tv.fifi | D71: =A71&"-generic-cofi" -> Week_43_old-generic-cofi | E71: =IF(RIGHT(A71,3)="old","Initial",B71&"-"&C71) -> Initial | H71: =H70 -> 0.0041802592 | I71: =I70 -> 3.15 | J71: =J70 -> 84.453237 | K71: =K70 -> 0.65 | L71: =Data!BL5 -> 1944.8608 | Q71: 0 | R71: 120.30841 | S71: 2693.1984 | T71: 0.2758296
A72: Week_44_old | B72: FiFi | C72: tv.fifi | D72: =A72&"-generic-cofi" -> Week_44_old-generic-cofi | E72: =IF(RIGHT(A72,3)="old","Initial",B72&"-"&C72) -> Initial | H72: =H71 -> 0.0041802592 | I72: =I71 -> 3.15 | J72: =J71 -> 84.453237 | K72: =K71 -> 0.65 | L72: =Data!BL6 -> 2085.2621 | Q72: 0 | R72: 85.467946 | S72: 1951.6767 | T72: 0.19626681
A73: Week_45_old | B73: FiFi | C73: tv.fifi | D73: =A73&"-generic-cofi" -> Week_45_old-generic-cofi | E73: =IF(RIGHT(A73,3)="old","Initial",B73&"-"&C73) -> Initial | H73: =H72 -> 0.0041802592 | I73: =I72 -> 3.15 | J73: =J72 -> 84.453237 | K73: =K72 -> 0.65 | L73: =Data!BL7 -> 1650.6524 | Q73: 0 | R73: 280.27004 | S73: 5394.339 | T73: 0.40130768
A74: Week_46_old | B74: FiFi | C74: tv.fifi | D74: =A74&"-generic-cofi" -> Week_46_old-generic-cofi | E74: =IF(RIGHT(A74,3)="old","Initial",B74&"-"&C74) -> Initial | H74: =H73 -> 0.0041802592 | I74: =I73 -> 3.15 | J74: =J73 -> 84.453237 | K74: =K73 -> 0.65 | L74: =Data!BL8 -> 1731.9975 | Q74: 0 | R74: 164.71447 | S74: 3466.94 | T74: 0.29260299
A75: Week_47_old | B75: FiFi | C75: tv.fifi | D75: =A75&"-generic-cofi" -> Week_47_old-generic-cofi | E75: =IF(RIGHT(A75,3)="old","Initial",B75&"-"&C75) -> Initial | H75: =H74 -> 0.0041802592 | I75: =I74 -> 3.15 | J75: =J74 -> 84.453237 | K75: =K74 -> 0.65 | L75: =Data!BL9 -> 2385.2246 | Q75: 0 | R75: 103.35035 | S75: 2204.5517 | T75: 0.20148865
A76: Week_48_old | B76: FiFi | C76: tv.fifi | D76: =A76&"-generic-cofi" -> Week_48_old-generic-cofi | E76: =IF(RIGHT(A76,3)="old","Initial",B76&"-"&C76) -> Initial | H76: =H75 -> 0.0041802592 | I76: =I75 -> 3.15 | J76: =J75 -> 84.453237 | K76: =K75 -> 0.65 | L76: =Data!BL10 -> 2385.2246 | Q76: 0 | R76: 59.139061 | S76: 1333.4791 | T76: 0.13606173
A77: Week_49_old | B77: FiFi | C77: tv.fifi | D77: =A77&"-generic-cofi" -> Week_49_old-generic-cofi | E77: =IF(RIGHT(A77,3)="old","Initial",B77&"-"&C77) -> Initial | H77: =H76 -> 0.0041802592 | I77: =I76 -> 3.15 | J77: =J76 -> 84.453237 | K77: =K76 -> 0.65 | L77: =Data!BL11 -> 2385.2246 | Q77: 0 | R77: 42.377995 | S77: 932.22778 | T77: 0.090686243
A78: Week_50_old | B78: FiFi | C78: tv.fifi | D78: =A78&"-generic-cofi" -> Week_50_old-generic-cofi | E78: =IF(RIGHT(A78,3)="old","Initial",B78&"-"&C78) -> Initial | H78: =H77 -> 0.0041802592 | I78: =I77 -> 3.15 | J78: =J77 -> 84.453237 | K78: =K77 -> 0.65 | L78: =Data!BL12 -> 2011.4208 | Q78: 0 | R78: 42.454711 | S78: 818.99333 | T78: 0.059921879
A79: Week_51_old | B79: FiFi | C79: tv.fifi | D79: =A79&"-generic-cofi" -> Week_51_old-generic-cofi | E79: =IF(RIGHT(A79,3)="old","Initial",B79&"-"&C79) -> Initial | H79: =H78 -> 0.0041802592 | I79: =I78 -> 3.15 | J79: =J78 -> 84.453237 | K79: =K78 -> 0.65 | L79: =Data!BL13 -> 2011.4208 | Q79: 0 | R79: 17.113116 | S79: 386.42048 | T79: 0.039369073
A80: Week_52_old | B80: FiFi | C80: tv.fifi | D80: =A80&"-generic-cofi" -> Week_52_old-generic-cofi | E80: =IF(RIGHT(A80,3)="old","Initial",B80&"-"&C80) -> Initial | H80: =H79 -> 0.0041802592 | I80: =I79 -> 3.15 | J80: =J79 -> 84.453237 | K80: =K79 -> 0.65 | L80: =Data!BL14 -> 2011.4208 | Q80: 0 | R80: 11.048636 | S80: 228.58035 | T80: 0.025769399
... A132: Week_52 | B132: FiFi | C132: tv.fifi | D132: =A132&"-generic-cofi" -> Week_52-generic-cofi | E132: =IF(RIGHT(A132,3)="old","Initial",B132&"-"&C132) -> FiFi-tv.fifi | H132: =H131 -> 0.0041802592 | I132: =I131 -> 3.15 | J132: =J131 -> 84.453237 | K132: =K131 -> 0.65 | L132: =Data!BL66 -> 2011.4208 | Q132: 0 | R132: 124.10961 | S132: 2567.6489 | T132: 0.28946832
A134: Week_40_old | B134: FiFi | C134: tv.fifi | D134: =A134&"-generic-refi" -> Week_40_old-generic-refi | E134: =IF(RIGHT(A134,3)="old","Initial",B134&"-"&C134) -> Initial | H134: =SUMIFS(Data!N$2:N$48,Data!$L$2:$L$48,$C134,Data!$M$2:$M$48,RIGHT($D134,4)) -> 0.0057091598 | I134: =VLOOKUP(C134,parms,8,FALSE) -> 3.15 | J134: =SUMIFS(Data!O$2:O$48,Data!$L$2:$L$48,$C134,Data!$M$2:$M$48,RIGHT($D134,4)) -> 108.8223 | K134: =SUMIFS(Data!Q$2:Q$48,Data!$L$2:$L$48,$C134,Data!$M$2:$M$48,RIGHT($D134,4)) -> 0.65 | L134: =Data!BL2 -> 1830.2632 | Q134: 0 | R134: 13.782773 | S134: 215.58663 | T134: 0.01516479
A135: Week_41_old | B135: FiFi | C135: tv.fifi | D135: =A135&"-generic-refi" -> Week_41_old-generic-refi | E135: =IF(RIGHT(A135,3)="old","Initial",B135&"-"&C135) -> Initial | H135: =H134 -> 0.0057091598 | I135: =I134 -> 3.15 | J135: =J134 -> 108.8223 | K135: =K134 -> 0.65 | L135: =Data!BL3 -> 1725.3904 | Q135: 0 | R135: 137.56529 | S135: 1726.9818 | T135: 0.083951827
A136: Week_42_old | B136: FiFi | C136: tv.fifi | D136: =A136&"-generic-refi" -> Week_42_old-generic-refi | E136: =IF(RIGHT(A136,3)="old","Initial",B136&"-"&C136) -> Initial | H136: =H135 -> 0.0057091598 | I136: =I135 -> 3.15 | J136: =J135 -> 108.8223 | K136: =K135 -> 0.65 | L136: =Data!BL4 -> 1946.9834 | Q136: 0 | R136: 83.458426 | S136: 1107.41 | T136: 0.057168176
A137: Week_43_old | B137: FiFi | C137: tv.fifi | D137: =A137&"-generic-refi" -> Week_43_old-generic-refi | E137: =IF(RIGHT(A137,3)="old","Initial",B137&"-"&C137) -> Initial | H137: =H136 -> 0.0057091598 | I137: =I136 -> 3.15 | J137: =J136 -> 108.8223 | K137: =K136 -> 0.65 | L137: =Data!BL5 -> 1944.8608 | Q137: 0 | R137: 237.37788 | S137: 3488.2975 | T137: 0.22155622
A138: Week_44_old | B138: FiFi | C138: tv.fifi | D138: =A138&"-generic-refi" -> Week_44_old-generic-refi | E138: =IF(RIGHT(A138,3)="old","Initial",B138&"-"&C138) -> Initial | H138: =H137 -> 0.0057091598 | I138: =I137 -> 3.15 | J138: =J137 -> 108.8223 | K138: =K137 -> 0.65 | L138: =Data!BL6 -> 2085.2621 | Q138: 0 | R138: 146.13919 | S138: 2307.1633 | T138: 0.15596468
A139: Week_45_old | B139: FiFi | C139: tv.fifi | D139: =A139&"-generic-refi" -> Week_45_old-generic-refi | E139: =IF(RIGHT(A139,3)="old","Initial",B139&"-"&C139) -> Initial | H139: =H138 -> 0.0057091598 | I139: =I138 -> 3.15 | J139: =J138 -> 108.8223 | K139: =K138 -> 0.65 | L139: =Data!BL7 -> 1650.6524 | Q139: 0 | R139: 606.75097 | S139: 7471.8428 | T139: 0.32842354
A140: Week_46_old | B140: FiFi | C140: tv.fifi | D140: =A140&"-generic-refi" -> Week_46_old-generic-refi | E140: =IF(RIGHT(A140,3)="old","Initial",B140&"-"&C140) -> Initial | H140: =H139 -> 0.0057091598 | I140: =I139 -> 3.15 | J140: =J139 -> 108.8223 | K140: =K139 -> 0.65 | L140: =Data!BL8 -> 1731.9975 | Q140: 0 | R140: 334.03428 | S140: 4548.8941 | T140: 0.23558569
A141: Week_47_old | B141: FiFi | C141: tv.fifi | D141: =A141&"-generic-refi" -> Week_47_old-generic-refi | E141: =IF(RIGHT(A141,3)="old","Initial",B141&"-"&C141) -> Initial | H141: =H140 -> 0.0057091598 | I141: =I140 -> 3.15 | J141: =J140 -> 108.8223 | K141: =K140 -> 0.65 | L141: =Data!BL9 -> 2385.2246 | Q141: 0 | R141: 226.7925 | S141: 3099.2328 | T141: 0.16022348
A142: Week_48_old | B142: FiFi | C142: tv.fifi | D142: =A142&"-generic-refi" -> Week_48_old-generic-refi | E142: =IF(RIGHT(A142,3)="old","Initial",B142&"-"&C142) -> Initial | H142: =H141 -> 0.0057091598 | I142: =I141 -> 3.15 | J142: =J141 -> 108.8223 | K142: =K141 -> 0.65 | L142: =Data!BL10 -> 2385.2246 | Q142: 0 | R142: 92.952266 | S142: 1510.2908 | T142: 0.10729818
A143: Week_49_old | B143: FiFi | C143: tv.fifi | D143: =A143&"-generic-refi" -> Week_49_old-generic-refi | E143: =IF(RIGHT(A143,3)="old","Initial",B143&"-"&C143) -> Initial | H143: =H142 -> 0.0057091598 | I143: =I142 -> 3.15 | J143: =J142 -> 108.8223 | K143: =K142 -> 0.65 | L143: =Data!BL11 -> 2385.2246 | Q143: 0 | R143: 80.419422 | S143: 1165.272 | T143: 0.071120937
A144: Week_50_old | B144: FiFi | C144: tv.fifi | D144: =A144&"-generic-refi" -> Week_50_old-generic-refi | E144: =IF(RIGHT(A144,3)="old","Initial",B144&"-"&C144) -> Initial | H144: =H143 -> 0.0057091598 | I144: =I143 -> 3.15 | J144: =J143 -> 108.8223 | K144: =K143 -> 0.65 | L144: =Data!BL12 -> 2011.4208 | Q144: 0 | R144: 73.777784 | S144: 956.02514 | T144: 0.0468232
A145: Week_51_old | B145: FiFi | C145: tv.fifi | D145: =A145&"-generic-refi" -> Week_51_old-generic-refi | E145: =IF(RIGHT(A145,3)="old","Initial",B145&"-"&C145) -> Initial | H145: =H144 -> 0.0057091598 | I145: =I144 -> 3.15 | J145: =J144 -> 108.8223 | K145: =K144 -> 0.65 | L145: =Data!BL13 -> 2011.4208 | Q145: 0 | R145: 45.60383 | S145: 613.10973 | T145: 0.030689871
A146: Week_52_old | B146: FiFi | C146: tv.fifi | D146: =A146&"-generic-refi" -> Week_52_old-generic-refi | E146: =IF(RIGHT(A146,3)="old","Initial",B146&"-"&C146) -> Initial | H146: =H145 -> 0.0057091598 | I146: =I145 -> 3.15 | J146: =J145 -> 108.8223 | K146: =K145 -> 0.65 | L146: =Data!BL14 -> 2011.4208 | Q146: 0 | R146: 20.341429 | S146: 279.35001 | T146: 0.020057061
... A198: Week_52 | B198: FiFi | C198: tv.fifi | D198: =A198&"-generic-refi" -> Week_52-generic-refi | E198: =IF(RIGHT(A198,3)="old","Initial",B198&"-"&C198) -> FiFi-tv.fifi | H198: =H197 -> 0.0057091598 | I198: =I197 -> 3.15 | J198: =J197 -> 108.8223 | K198: =K197 -> 0.65 | L198: =Data!BL66 -> 2011.4208 | Q198: 0 | R198: 236.26107 | S198: 3244.5869 | T198: 0.2329582
A200: Week_40_old | B200: FiFi | C200: vod.fifi | E200: =IF(RIGHT(A200,3)="old","Initial",B200&"-"&C200) -> Initial | F200: =F2 -> 393432.47 | G200: =G2 -> 6.2941961 | H200: =VLOOKUP(C200,parms,3,FALSE) -> 0.0086056725 | I200: =VLOOKUP(C200,parms,8,FALSE) -> 3.39 | J200: =VLOOKUP(C200,parms,4,FALSE) -> 1289612 | K200: =VLOOKUP(C200,parms,6,FALSE) -> 0.3 | L200: =Data!BM2 -> 0.0082011923 | M200: =VLOOKUP(C200,Data!$CB$2:$EB$22,1+VALUE(MID(A200,6,2)),FALSE) -> 58461.9 | Q200: 58461.9 | R200: 3372.2909 | S200: 13493.765 | T200: 0.99602449
A201: Week_41_old | B201: FiFi | C201: vod.fifi | E201: =IF(RIGHT(A201,3)="old","Initial",B201&"-"&C201) -> Initial | F201: =F3 -> 228081.02 | G201: =G3 -> 7.9971815 | H201: =H200 -> 0.0086056725 | I201: =I200 -> 3.39 | J201: =J200 -> 1289612 | K201: =K200 -> 0.3 | L201: =Data!BM3 -> 0.0097059982 | M201: =VLOOKUP(C201,Data!$CB$2:$EB$22,1+VALUE(MID(A201,6,2)),FALSE) -> 61013.154 | Q201: 61013.154 | R201: 1959.9346 | S201: -7878.4559 | T201: 0.99854495
A202: Week_42_old | B202: FiFi | C202: vod.fifi | E202: =IF(RIGHT(A202,3)="old","Initial",B202&"-"&C202) -> Initial | F202: =F4 -> 317634.99 | G202: =G4 -> 6.7548153 | H202: =H201 -> 0.0086056725 | I202: =I201 -> 3.39 | J202: =J201 -> 1289612 | K202: =K201 -> 0.3 | L202: =Data!BM4 -> 0.0097059982 | M202: =VLOOKUP(C202,Data!$CB$2:$EB$22,1+VALUE(MID(A202,6,2)),FALSE) -> 60961.624 | Q202: 60961.624 | R202: 2730.5086 | S202: 1563.8112 | T202: 0.99891928
A203: Week_43_old | B203: FiFi | C203: vod.fifi | E203: =IF(RIGHT(A203,3)="old","Initial",B203&"-"&C203) -> Initial | F203: =F5 -> 322486.62 | G203: =G5 -> 6.9739034 | H203: =H202 -> 0.0086056725 | I203: =I202 -> 3.39 | J203: =J202 -> 1289612 | K203: =K202 -> 0.3 | L203: =Data!BM5 -> 0.0097059982 | M203: =VLOOKUP(C203,Data!$CB$2:$EB$22,1+VALUE(MID(A203,6,2)),FALSE) -> 11255.507 | Q203: 11255.507 | R203: 2629.7073 | S203: 50914.803 | T203: 0.9475691
A204: Week_44_old | B204: FiFi | C204: vod.fifi | E204: =IF(RIGHT(A204,3)="old","Initial",B204&"-"&C204) -> Initial | F204: =F6 -> 401386.28 | G204: =G6 -> 6.2238891 | H204: =H203 -> 0.0086056725 | I204: =I203 -> 3.39 | J204: =J203 -> 1289612 | K204: =K203 -> 0.3 | L204: =Data!BM6 -> 0.0097059982 | M204: =VLOOKUP(C204,Data!$CB$2:$EB$22,1+VALUE(MID(A204,6,2)),FALSE) -> 6016.5491 | Q204: 6016.5491 | R204: 2572.1947 | S204: 48254.146 | T204: 0.74465739
A205: Week_45_old | B205: FiFi | C205: vod.fifi | E205: =IF(RIGHT(A205,3)="old","Initial",B205&"-"&C205) -> Initial | F205: =F7 -> 309588.9 | G205: =G7 -> 6.9990429 | H205: =H204 -> 0.0086056725 | I205: =I204 -> 3.39 | J205: =J204 -> 1289612 | K205: =K204 -> 0.3 | L205: =Data!BM7 -> 0.0083516729 | M205: =VLOOKUP(C205,Data!$CB$2:$EB$22,1+VALUE(MID(A205,6,2)),FALSE) -> 6902.1493 | Q205: 6902.1493 | R205: 1732.2709 | S205: 34199.019 | T205: 0.65019799
A206: Week_46_old | B206: FiFi | C206: vod.fifi | E206: =IF(RIGHT(A206,3)="old","Initial",B206&"-"&C206) -> Initial | F206: =F8 -> 309968.78 | G206: =G8 -> 6.976701 | H206: =H205 -> 0.0086056725 | I206: =I205 -> 3.39 | J206: =J205 -> 1289612 | K206: =K205 -> 0.3 | L206: =Data!BM8 -> 0.0083516729 | M206: =VLOOKUP(C206,Data!$CB$2:$EB$22,1+VALUE(MID(A206,6,2)),FALSE) -> 6370.2565 | Q206: 6370.2565 | R206: 1590.0767 | S206: 31236.674 | T206: 0.59609478
A207: Week_47_old | B207: FiFi | C207: vod.fifi | E207: =IF(RIGHT(A207,3)="old","Initial",B207&"-"&C207) -> Initial | F207: =F9 -> 454180.53 | G207: =G9 -> 6.0080329 | H207: =H206 -> 0.0086056725 | I207: =I206 -> 3.39 | J207: =J206 -> 1289612 | K207: =K206 -> 0.3 | L207: =Data!BM9 -> 0.0083516729 | M207: =VLOOKUP(C207,Data!$CB$2:$EB$22,1+VALUE(MID(A207,6,2)),FALSE) -> 4014.8052 | Q207: 4014.8052 | R207: 1857.3262 | S207: 33813.788 | T207: 0.47519828
A208: Week_48_old | B208: FiFi | C208: vod.fifi | E208: =IF(RIGHT(A208,3)="old","Initial",B208&"-"&C208) -> Initial | F208: =F10 -> 455011.74 | G208: =G10 -> 6.0449284 | H208: =H207 -> 0.0086056725 | I208: =I207 -> 3.39 | J208: =J207 -> 1289612 | K208: =K207 -> 0.3 | L208: =Data!BM10 -> 0.0083516729 | M208: =VLOOKUP(C208,Data!$CB$2:$EB$22,1+VALUE(MID(A208,6,2)),FALSE) -> 906.49024 | Q208: 906.49024 | R208: 949.11833 | S208: 18543.134 | T208: 0.24238902
A209: Week_49_old | B209: FiFi | C209: vod.fifi | E209: =IF(RIGHT(A209,3)="old","Initial",B209&"-"&C209) -> Initial | F209: =F11 -> 290055.89 | G209: =G11 -> 7.3475859 | H209: =H208 -> 0.0086056725 | I209: =I208 -> 3.39 | J209: =J208 -> 1289612 | K209: =K208 -> 0.3 | L209: =Data!BM11 -> 0.0083516729 | M209: =VLOOKUP(C209,Data!$CB$2:$EB$22,1+VALUE(MID(A209,6,2)),FALSE) -> 0 | Q209: 0 | R209: 199.44657 | S209: 4967.8782 | T209: 0.079902443
A210: Week_50_old | B210: FiFi | C210: vod.fifi | E210: =IF(RIGHT(A210,3)="old","Initial",B210&"-"&C210) -> Initial | F210: =F12 -> 348451.97 | G210: =G12 -> 6.6816215 | H210: =H209 -> 0.0086056725 | I210: =I209 -> 3.39 | J210: =J209 -> 1289612 | K210: =K209 -> 0.3 | L210: =Data!BM12 -> 0.0072983087 | M210: =VLOOKUP(C210,Data!$CB$2:$EB$22,1+VALUE(MID(A210,6,2)),FALSE) -> 0 | Q210: 0 | R210: 73.98659 | S210: 1675.8478 | T210: 0.024673188
A211: Week_51_old | B211: FiFi | C211: vod.fifi | E211: =IF(RIGHT(A211,3)="old","Initial",B211&"-"&C211) -> Initial | F211: =F13 -> 427408.08 | G211: =G13 -> 6.1680815 | H211: =H210 -> 0.0086056725 | I211: =I210 -> 3.39 | J211: =J210 -> 1289612 | K211: =K210 -> 0.3 | L211: =Data!BM13 -> 0.0072983087 | M211: =VLOOKUP(C211,Data!$CB$2:$EB$22,1+VALUE(MID(A211,6,2)),FALSE) -> 0 | Q211: 0 | R211: 27.463838 | S211: 574.26327 | T211: 0.0074667857
A212: Week_52_old | B212: FiFi | C212: vod.fifi | E212: =IF(RIGHT(A212,3)="old","Initial",B212&"-"&C212) -> Initial | F212: =F14 -> 330189.5 | G212: =G14 -> 6.4579352 | H212: =H211 -> 0.0086056725 | I212: =I211 -> 3.39 | J212: =J211 -> 1289612 | K212: =K211 -> 0.3 | L212: =Data!BM14 -> 0.0072983087 | M212: =VLOOKUP(C212,Data!$CB$2:$EB$22,1+VALUE(MID(A212,6,2)),FALSE) -> 0 | Q212: 0 | R212: 6.3817726 | S212: 139.71232 | T212: 0.0022459147
A213: Week_01 | B213: FiFi | C213: vod.fifi | E213: =IF(RIGHT(A213,3)="old","Initial",B213&"-"&C213) -> FiFi-vod.fifi | F213: =F15 -> 340832.86 | G213: =G15 -> 6.8003507 | H213: =H212 -> 0.0086056725 | I213: =I212 -> 3.39 | J213: =J212 -> 1289612 | K213: =K212 -> 0.3 | L213: =Data!BM15 -> 0.0072983087 | Q213: 11239.791 | R213: 2045.1245 | S213: 35906.851 | T213: 0.69725796
A214: Week_02 | B214: FiFi | C214: vod.fifi | E214: =IF(RIGHT(A214,3)="old","Initial",B214&"-"&C214) -> FiFi-vod.fifi | F214: =F16 -> 439217.37 | G214: =G16 -> 6.2729203 | H214: =H213 -> 0.0086056725 | I214: =I213 -> 3.39 | J214: =J213 -> 1289612 | K214: =K213 -> 0.3 | L214: =Data!BM16 -> 0.0069221073 | Q214: 9482.1055 | R214: 2866.747 | S214: 51479.842 | T214: 0.75844666
A215: Week_03 | B215: FiFi | C215: vod.fifi | E215: =IF(RIGHT(A215,3)="old","Initial",B215&"-"&C215) -> FiFi-vod.fifi | F215: =F17 -> 392882.01 | G215: =G17 -> 6.5115708 | H215: =H214 -> 0.0086056725 | I215: =I214 -> 3.39 | J215: =J214 -> 1289612 | K215: =K214 -> 0.3 | L215: =Data!BM17 -> 0.0069221073 | Q215: 8215.5392 | R215: 2501.4627 | S215: 47002.311 | T215: 0.73985578
A216: Week_04 | B216: FiFi | C216: vod.fifi | E216: =IF(RIGHT(A216,3)="old","Initial",B216&"-"&C216) -> FiFi-vod.fifi | F216: =F18 -> 287120.72 | G216: =G18 -> 7.4241409 | H216: =H215 -> 0.0086056725 | I216: =I215 -> 3.39 | J216: =J215 -> 1289612 | K216: =K215 -> 0.3 | L216: =Data!BM18 -> 0.0069221073 | Q216: 6785.4142 | R216: 1699.4305 | S216: 35985.578 | T216: 0.68778717
A217: Week_05 | B217: FiFi | C217: vod.fifi | E217: =IF(RIGHT(A217,3)="old","Initial",B217&"-"&C217) -> FiFi-vod.fifi | F217: =F19 -> 319043.21 | G217: =G19 -> 7.2881301 | H217: =H216 -> 0.0086056725 | I217: =I216 -> 3.39 | J217: =J216 -> 1289612 | K217: =K216 -> 0.3 | L217: =Data!BM19 -> 0.0069221073 | Q217: 8050.0596 | R217: 1959.748 | S217: 40368.967 | T217: 0.71378252
A218: Week_06 | B218: FiFi | C218: vod.fifi | E218: =IF(RIGHT(A218,3)="old","Initial",B218&"-"&C218) -> FiFi-vod.fifi | F218: =F20 -> 242439.85 | G218: =G20 -> 8.3972136 | H218: =H217 -> 0.0086056725 | I218: =I217 -> 3.39 | J218: =J217 -> 1289612 | K218: =K217 -> 0.3 | L218: =Data!BM20 -> 0.0071478281 | Q218: 6551.1358 | R218: 1382.0759 | S218: 32791.803 | T218: 0.6624347
A219: Week_07 | B219: FiFi | C219: vod.fifi | E219: =IF(RIGHT(A219,3)="old","Initial",B219&"-"&C219) -> FiFi-vod.fifi | F219: =F21 -> 452969.13 | G219: =G21 -> 6.5182322 | H219: =H218 -> 0.0086056725 | I219: =I218 -> 3.39 | J219: =J218 -> 1289612 | K219: =K218 -> 0.3 | L219: =Data!BM21 -> 0.0071478281 | Q219: 10434.398 | R219: 2990.7992 | S219: 55652.715 | T219: 0.76724459
A220: Week_08 | B220: FiFi | C220: vod.fifi | E220: =IF(RIGHT(A220,3)="old","Initial",B220&"-"&C220) -> FiFi-vod.fifi | F220: =F22 -> 374829.34 | G220: =G22 -> 7.0414807 | H220: =H219 -> 0.0086056725 | I220: =I219 -> 3.39 | J220: =J219 -> 1289612 | K220: =K219 -> 0.3 | L220: =Data!BM22 -> 0.0071478281 | Q220: 8372.6405 | R220: 2385.7757 | S220: 48577.304 | T220: 0.73962439
A221: Week_09 | B221: FiFi | C221: vod.fifi | E221: =IF(RIGHT(A221,3)="old","Initial",B221&"-"&C221) -> FiFi-vod.fifi | F221: =F23 -> 369195.69 | G221: =G23 -> 6.974184 | H221: =H220 -> 0.0086056725 | I221: =I220 -> 3.39 | J221: =J220 -> 1289612 | K221: =K220 -> 0.3 | L221: =Data!BM23 -> 0.0071478281 | Q221: 8454.6262 | R221: 2329.1902 | S221: 46613.215 | T221: 0.7331005
A222: Week_10 | B222: FiFi | C222: vod.fifi | E222: =IF(RIGHT(A222,3)="old","Initial",B222&"-"&C222) -> FiFi-vod.fifi | F222: =F24 -> 327686.09 | G222: =G24 -> 7.4058431 | H222: =H221 -> 0.0086056725 | I222: =I221 -> 3.39 | J222: =J221 -> 1289612 | K222: =K221 -> 0.3 | L222: =Data!BM24 -> 0.0071478281 | Q222: 7977.2094 | R222: 2021.3985 | S222: 42771.635 | T222: 0.71681837
A223: Week_11 | B223: FiFi | C223: vod.fifi | E223: =IF(RIGHT(A223,3)="old","Initial",B223&"-"&C223) -> FiFi-vod.fifi | F223: =F25 -> 447161.26 | G223: =G25 -> 6.5316917 | H223: =H222 -> 0.0086056725 | I223: =I222 -> 3.39 | J223: =J222 -> 1289612 | K223: =K222 -> 0.3 | L223: =Data!BM25 -> 0.0071478281 | Q223: 9848.6633 | R223: 2942.6882 | S223: 55309.618 | T223: 0.76470735
A224: Week_12 | B224: FiFi | C224: vod.fifi | E224: =IF(RIGHT(A224,3)="old","Initial",B224&"-"&C224) -> FiFi-vod.fifi | F224: =F26 -> 382858.71 | G224: =G26 -> 6.8320566 | H224: =H223 -> 0.0086056725 | I224: =I223 -> 3.39 | J224: =J223 -> 1289612 | K224: =K223 -> 0.3 | L224: =Data!BM26 -> 0.0071478281 | Q224: 8319.6843 | R224: 2429.1289 | S224: 47940.573 | T224: 0.7372711
... A264: Week_52 | B264: FiFi | C264: vod.fifi | E264: =IF(RIGHT(A264,3)="old","Initial",B264&"-"&C264) -> FiFi-vod.fifi | F264: =F66 -> 330189.5 | G264: =G66 -> 6.4579352 | H264: =H263 -> 0.0086056725 | I264: =I263 -> 3.39 | J264: =J263 -> 1289612 | K264: =K263 -> 0.3 | L264: =Data!BM66 -> 0.0072983087 | Q264: 6723.8725 | R264: 1906.4494 | S264: 35012.881 | T264: 0.67093001
A266: Week_40_old | B266: FiFi | C266: display.fifi | E266: =IF(RIGHT(A266,3)="old","Initial",B266&"-"&C266) -> Initial | F266: =F200 -> 393432.47 | G266: =G200 -> 6.2941961 | H266: =VLOOKUP(C266,parms,3,FALSE) -> 0.013595575 | I266: =VLOOKUP(C266,parms,8,FALSE) -> 3.05 | J266: =VLOOKUP(C266,parms,4,FALSE) -> 3445046.7 | K266: =VLOOKUP(C266,parms,6,FALSE) -> 0.15 | L266: =Data!BN2 -> 0.02851992 | M266: =VLOOKUP(C266,Data!$CB$2:$EB$22,1+VALUE(MID(A266,6,2)),FALSE) -> 0 | Q266: 0 | R266: 0 | S266: 0 | T266: 0
A267: Week_41_old | B267: FiFi | C267: display.fifi | E267: =IF(RIGHT(A267,3)="old","Initial",B267&"-"&C267) -> Initial | F267: =F201 -> 228081.02 | G267: =G201 -> 7.9971815 | H267: =H266 -> 0.013595575 | I267: =I266 -> 3.05 | J267: =J266 -> 3445046.7 | K267: =K266 -> 0.15 | L267: =Data!BN3 -> 0.033752933 | M267: =VLOOKUP(C267,Data!$CB$2:$EB$22,1+VALUE(MID(A267,6,2)),FALSE) -> 0 | Q267: 0 | R267: 0 | S267: 0 | T267: 0
A268: Week_42_old | B268: FiFi | C268: display.fifi | E268: =IF(RIGHT(A268,3)="old","Initial",B268&"-"&C268) -> Initial | F268: =F202 -> 317634.99 | G268: =G202 -> 6.7548153 | H268: =H267 -> 0.013595575 | I268: =I267 -> 3.05 | J268: =J267 -> 3445046.7 | K268: =K267 -> 0.15 | L268: =Data!BN4 -> 0.033752933 | M268: =VLOOKUP(C268,Data!$CB$2:$EB$22,1+VALUE(MID(A268,6,2)),FALSE) -> 0 | Q268: 0 | R268: 0 | S268: 0 | T268: 0
A269: Week_43_old | B269: FiFi | C269: display.fifi | E269: =IF(RIGHT(A269,3)="old","Initial",B269&"-"&C269) -> Initial | F269: =F203 -> 322486.62 | G269: =G203 -> 6.9739034 | H269: =H268 -> 0.013595575 | I269: =I268 -> 3.05 | J269: =J268 -> 3445046.7 | K269: =K268 -> 0.15 | L269: =Data!BN5 -> 0.033752933 | M269: =VLOOKUP(C269,Data!$CB$2:$EB$22,1+VALUE(MID(A269,6,2)),FALSE) -> 0 | Q269: 0 | R269: 0 | S269: 0 | T269: 0
A270: Week_44_old | B270: FiFi | C270: display.fifi | E270: =IF(RIGHT(A270,3)="old","Initial",B270&"-"&C270) -> Initial | F270: =F204 -> 401386.28 | G270: =G204 -> 6.2238891 | H270: =H269 -> 0.013595575 | I270: =I269 -> 3.05 | J270: =J269 -> 3445046.7 | K270: =K269 -> 0.15 | L270: =Data!BN6 -> 0.033752933 | M270: =VLOOKUP(C270,Data!$CB$2:$EB$22,1+VALUE(MID(A270,6,2)),FALSE) -> 0 | Q270: 0 | R270: 0 | S270: 0 | T270: 0
A271: Week_45_old | B271: FiFi | C271: display.fifi | E271: =IF(RIGHT(A271,3)="old","Initial",B271&"-"&C271) -> Initial | F271: =F205 -> 309588.9 | G271: =G205 -> 6.9990429 | H271: =H270 -> 0.013595575 | I271: =I270 -> 3.05 | J271: =J270 -> 3445046.7 | K271: =K270 -> 0.15 | L271: =Data!BN7 -> 0.029043221 | M271: =VLOOKUP(C271,Data!$CB$2:$EB$22,1+VALUE(MID(A271,6,2)),FALSE) -> 0 | Q271: 0 | R271: 0 | S271: 0 | T271: 0
A272: Week_46_old | B272: FiFi | C272: display.fifi | E272: =IF(RIGHT(A272,3)="old","Initial",B272&"-"&C272) -> Initial | F272: =F206 -> 309968.78 | G272: =G206 -> 6.976701 | H272: =H271 -> 0.013595575 | I272: =I271 -> 3.05 | J272: =J271 -> 3445046.7 | K272: =K271 -> 0.15 | L272: =Data!BN8 -> 0.029043221 | M272: =VLOOKUP(C272,Data!$CB$2:$EB$22,1+VALUE(MID(A272,6,2)),FALSE) -> 0 | Q272: 0 | R272: 0 | S272: 0 | T272: 0
A273: Week_47_old | B273: FiFi | C273: display.fifi | E273: =IF(RIGHT(A273,3)="old","Initial",B273&"-"&C273) -> Initial | F273: =F207 -> 454180.53 | G273: =G207 -> 6.0080329 | H273: =H272 -> 0.013595575 | I273: =I272 -> 3.05 | J273: =J272 -> 3445046.7 | K273: =K272 -> 0.15 | L273: =Data!BN9 -> 0.029043221 | M273: =VLOOKUP(C273,Data!$CB$2:$EB$22,1+VALUE(MID(A273,6,2)),FALSE) -> 0 | Q273: 0 | R273: 0 | S273: 0 | T273: 0
A274: Week_48_old | B274: FiFi | C274: display.fifi | E274: =IF(RIGHT(A274,3)="old","Initial",B274&"-"&C274) -> Initial | F274: =F208 -> 455011.74 | G274: =G208 -> 6.0449284 | H274: =H273 -> 0.013595575 | I274: =I273 -> 3.05 | J274: =J273 -> 3445046.7 | K274: =K273 -> 0.15 | L274: =Data!BN10 -> 0.029043221 | M274: =VLOOKUP(C274,Data!$CB$2:$EB$22,1+VALUE(MID(A274,6,2)),FALSE) -> 0 | Q274: 0 | R274: 0 | S274: 0 | T274: 0
A275: Week_49_old | B275: FiFi | C275: display.fifi | E275: =IF(RIGHT(A275,3)="old","Initial",B275&"-"&C275) -> Initial | F275: =F209 -> 290055.89 | G275: =G209 -> 7.3475859 | H275: =H274 -> 0.013595575 | I275: =I274 -> 3.05 | J275: =J274 -> 3445046.7 | K275: =K274 -> 0.15 | L275: =Data!BN11 -> 0.029043221 | M275: =VLOOKUP(C275,Data!$CB$2:$EB$22,1+VALUE(MID(A275,6,2)),FALSE) -> 0 | Q275: 0 | R275: 0 | S275: 0 | T275: 0
A276: Week_50_old | B276: FiFi | C276: display.fifi | E276: =IF(RIGHT(A276,3)="old","Initial",B276&"-"&C276) -> Initial | F276: =F210 -> 348451.97 | G276: =G210 -> 6.6816215 | H276: =H275 -> 0.013595575 | I276: =I275 -> 3.05 | J276: =J275 -> 3445046.7 | K276: =K275 -> 0.15 | L276: =Data!BN12 -> 0.025380112 | M276: =VLOOKUP(C276,Data!$CB$2:$EB$22,1+VALUE(MID(A276,6,2)),FALSE) -> 0 | Q276: 0 | R276: 0 | S276: 0 | T276: 0
A277: Week_51_old | B277: FiFi | C277: display.fifi | E277: =IF(RIGHT(A277,3)="old","Initial",B277&"-"&C277) -> Initial | F277: =F211 -> 427408.08 | G277: =G211 -> 6.1680815 | H277: =H276 -> 0.013595575 | I277: =I276 -> 3.05 | J277: =J276 -> 3445046.7 | K277: =K276 -> 0.15 | L277: =Data!BN13 -> 0.025380112 | M277: =VLOOKUP(C277,Data!$CB$2:$EB$22,1+VALUE(MID(A277,6,2)),FALSE) -> 0 | Q277: 0 | R277: 0 | S277: 0 | T277: 0
A278: Week_52_old | B278: FiFi | C278: display.fifi | E278: =IF(RIGHT(A278,3)="old","Initial",B278&"-"&C278) -> Initial | F278: =F212 -> 330189.5 | G278: =G212 -> 6.4579352 | H278: =H277 -> 0.013595575 | I278: =I277 -> 3.05 | J278: =J277 -> 3445046.7 | K278: =K277 -> 0.15 | L278: =Data!BN14 -> 0.025380112 | M278: =VLOOKUP(C278,Data!$CB$2:$EB$22,1+VALUE(MID(A278,6,2)),FALSE) -> 0 | Q278: 0 | R278: 0 | S278: 0 | T278: 0
A279: Week_01 | B279: FiFi | C279: display.fifi | E279: =IF(RIGHT(A279,3)="old","Initial",B279&"-"&C279) -> FiFi-display.fifi | F279: =F213 -> 340832.86 | G279: =G213 -> 6.8003507 | H279: =H278 -> 0.013595575 | I279: =I278 -> 3.05 | J279: =J278 -> 3445046.7 | K279: =K278 -> 0.15 | L279: =Data!BN15 -> 0.025380112 | Q279: 0 | R279: 0 | S279: 0 | T279: 0
A280: Week_02 | B280: FiFi | C280: display.fifi | E280: =IF(RIGHT(A280,3)="old","Initial",B280&"-"&C280) -> FiFi-display.fifi | F280: =F214 -> 439217.37 | G280: =G214 -> 6.2729203 | H280: =H279 -> 0.013595575 | I280: =I279 -> 3.05 | J280: =J279 -> 3445046.7 | K280: =K279 -> 0.15 | L280: =Data!BN16 -> 0.024071859 | Q280: 0 | R280: 0 | S280: 0 | T280: 0
A281: Week_03 | B281: FiFi | C281: display.fifi | E281: =IF(RIGHT(A281,3)="old","Initial",B281&"-"&C281) -> FiFi-display.fifi | F281: =F215 -> 392882.01 | G281: =G215 -> 6.5115708 | H281: =H280 -> 0.013595575 | I281: =I280 -> 3.05 | J281: =J280 -> 3445046.7 | K281: =K280 -> 0.15 | L281: =Data!BN17 -> 0.024071859 | Q281: 0 | R281: 0 | S281: 0 | T281: 0
A282: Week_04 | B282: FiFi | C282: display.fifi | E282: =IF(RIGHT(A282,3)="old","Initial",B282&"-"&C282) -> FiFi-display.fifi | F282: =F216 -> 287120.72 | G282: =G216 -> 7.4241409 | H282: =H281 -> 0.013595575 | I282: =I281 -> 3.05 | J282: =J281 -> 3445046.7 | K282: =K281 -> 0.15 | L282: =Data!BN18 -> 0.024071859 | Q282: 0 | R282: 0 | S282: 0 | T282: 0
A283: Week_05 | B283: FiFi | C283: display.fifi | E283: =IF(RIGHT(A283,3)="old","Initial",B283&"-"&C283) -> FiFi-display.fifi | F283: =F217 -> 319043.21 | G283: =G217 -> 7.2881301 | H283: =H282 -> 0.013595575 | I283: =I282 -> 3.05 | J283: =J282 -> 3445046.7 | K283: =K282 -> 0.15 | L283: =Data!BN19 -> 0.024071859 | Q283: 0 | R283: 0 | S283: 0 | T283: 0
A284: Week_06 | B284: FiFi | C284: display.fifi | E284: =IF(RIGHT(A284,3)="old","Initial",B284&"-"&C284) -> FiFi-display.fifi | F284: =F218 -> 242439.85 | G284: =G218 -> 8.3972136 | H284: =H283 -> 0.013595575 | I284: =I283 -> 3.05 | J284: =J283 -> 3445046.7 | K284: =K283 -> 0.15 | L284: =Data!BN20 -> 0.024856811 | Q284: 0 | R284: 0 | S284: 0 | T284: 0
...

Sheet Opt_current
A1: Period | B1: Product | C1: Media | D1: Halo | E1: Group | F1: VolumeBase | G1: Price | H1: UpliftMax | I1: UpliftFactor | J1: UnitSlope | K1: Carryover | L1: CostPerUnit | M1: SpendFixed | N1: SpendMin | O1: SpendMax | P1: SpendThreshold | Q1: SpendOpt | R1: VolumeOpt | S1: ContribOpt | T1: SaturationOpt
A2: Week_40_old | B2: FiFi | C2: tv.fifi | E2: =IF(RIGHT(A2,3)="old","Initial",B2&"-"&C2) -> Initial | F2: =Data!AN2 -> 393432.47 | G2: =Data!AP2 -> 6.2941961 | H2: =VLOOKUP(C2,parms,3,FALSE) -> 0.030461531 | I2: =VLOOKUP(C2,parms,8,FALSE) -> 3.15 | J2: =VLOOKUP(C2,parms,4,FALSE) -> 63.027153 | K2: =VLOOKUP(C2,parms,6,FALSE) -> 0.65 | L2: =Data!BL2 -> 1830.2632 | M2: =VLOOKUP(C2,Data!$CB$2:$EB$22,1+VALUE(MID(A2,6,2)),FALSE) -> 3043.56 | Q2: 3043.56 | R2: 312.06563 | S2: 3143.6771 | T2: 0.026038982
A3: Week_41_old | B3: FiFi | C3: tv.fifi | E3: =IF(RIGHT(A3,3)="old","Initial",B3&"-"&C3) -> Initial | F3: =Data!AN3 -> 228081.02 | G3: =Data!AP3 -> 7.9971815 | H3: =H2 -> 0.030461531 | I3: =I2 -> 3.15 | J3: =J2 -> 63.027153 | K3: =K2 -> 0.65 | L3: =Data!BL3 -> 1725.3904 | M3: =VLOOKUP(C3,Data!$CB$2:$EB$22,1+VALUE(MID(A3,6,2)),FALSE) -> 14599.11 | Q3: 14599.11 | R3: 976.11696 | S3: 9990.371 | T3: 0.14049504
A4: Week_42_old | B4: FiFi | C4: tv.fifi | E4: =IF(RIGHT(A4,3)="old","Initial",B4&"-"&C4) -> Initial | F4: =Data!AN4 -> 317634.99 | G4: =Data!AP4 -> 6.7548153 | H4: =H3 -> 0.030461531 | I4: =I3 -> 3.15 | J4: =J3 -> 63.027153 | K4: =K3 -> 0.65 | L4: =Data!BL4 -> 1946.9834 | M4: =VLOOKUP(C4,Data!$CB$2:$EB$22,1+VALUE(MID(A4,6,2)),FALSE) -> 396.47 | Q4: 396.47 | R4: 935.10609 | S4: 19500.407 | T4: 0.096645317
A5: Week_43_old | B5: FiFi | C5: tv.fifi | E5: =IF(RIGHT(A5,3)="old","Initial",B5&"-"&C5) -> Initial | F5: =Data!AN5 -> 322486.62 | G5: =Data!AP5 -> 6.9739034 | H5: =H4 -> 0.030461531 | I5: =I4 -> 3.15 | J5: =J4 -> 63.027153 | K5: =K4 -> 0.65 | L5: =Data!BL5 -> 1944.8608 | M5: =VLOOKUP(C5,Data!$CB$2:$EB$22,1+VALUE(MID(A5,6,2)),FALSE) -> 44909.79 | Q5: 44909.79 | R5: 3448.7758 | S5: 30852.212 | T5: 0.35107631
A6: Week_44_old | B6: FiFi | C6: tv.fifi | E6: =IF(RIGHT(A6,3)="old","Initial",B6&"-"&C6) -> Initial | F6: =Data!AN6 -> 401386.28 | G6: =Data!AP6 -> 6.2238891 | H6: =H5 -> 0.030461531 | I6: =I5 -> 3.15 | J6: =J5 -> 63.027153 | K6: =K5 -> 0.65 | L6: =Data!BL6 -> 2085.2621 | M6: =VLOOKUP(C6,Data!$CB$2:$EB$22,1+VALUE(MID(A6,6,2)),FALSE) -> 1534.66 | Q6: 1534.66 | R6: 3103.1839 | S6: 59304.038 | T6: 0.25380095
A7: Week_45_old | B7: FiFi | C7: tv.fifi | E7: =IF(RIGHT(A7,3)="old","Initial",B7&"-"&C7) -> Initial | F7: =Data!AN7 -> 309588.9 | G7: =Data!AP7 -> 6.9990429 | H7: =H6 -> 0.030461531 | I7: =I6 -> 3.15 | J7: =J6 -> 63.027153 | K7: =K6 -> 0.65 | L7: =Data!BL7 -> 1650.6524 | M7: =VLOOKUP(C7,Data!$CB$2:$EB$22,1+VALUE(MID(A7,6,2)),FALSE) -> 51717.14 | Q7: 51717.14 | R7: 4688.1192 | S7: 51641.754 | T7: 0.49712034
A8: Week_46_old | B8: FiFi | C8: tv.fifi | E8: =IF(RIGHT(A8,3)="old","Initial",B8&"-"&C8) -> Initial | F8: =Data!AN8 -> 309968.78 | G8: =Data!AP8 -> 6.976701 | H8: =H7 -> 0.030461531 | I8: =I7 -> 3.15 | J8: =J7 -> 63.027153 | K8: =K7 -> 0.65 | L8: =Data!BL8 -> 1731.9975 | M8: =VLOOKUP(C8,Data!$CB$2:$EB$22,1+VALUE(MID(A8,6,2)),FALSE) -> 1858.89 | Q8: 1858.89 | R8: 3504.319 | S8: 75154.156 | T8: 0.37113674
A9: Week_47_old | B9: FiFi | C9: tv.fifi | E9: =IF(RIGHT(A9,3)="old","Initial",B9&"-"&C9) -> Initial | F9: =Data!AN9 -> 454180.53 | G9: =Data!AP9 -> 6.0080329 | H9: =H8 -> 0.030461531 | I9: =I8 -> 3.15 | J9: =J8 -> 63.027153 | K9: =K8 -> 0.65 | L9: =Data!BL9 -> 2385.2246 | M9: =VLOOKUP(C9,Data!$CB$2:$EB$22,1+VALUE(MID(A9,6,2)),FALSE) -> 0 | Q9: 0 | R9: 3601.1199 | S9: 68152.287 | T9: 0.26028991
A10: Week_48_old | B10: FiFi | C10: tv.fifi | E10: =IF(RIGHT(A10,3)="old","Initial",B10&"-"&C10) -> Initial | F10: =Data!AN10 -> 455011.74 | G10: =Data!AP10 -> 6.0449284 | H10: =H9 -> 0.030461531 | I10: =I9 -> 3.15 | J10: =J9 -> 63.027153 | K10: =K9 -> 0.65 | L10: =Data!BL10 -> 2385.2246 | M10: =VLOOKUP(C10,Data!$CB$2:$EB$22,1+VALUE(MID(A10,6,2)),FALSE) -> 0 | Q10: 0 | R10: 2466.666 | S10: 46969.081 | T10: 0.17796558
A11: Week_49_old | B11: FiFi | C11: tv.fifi | E11: =IF(RIGHT(A11,3)="old","Initial",B11&"-"&C11) -> Initial | F11: =Data!AN11 -> 290055.89 | G11: =Data!AP11 -> 7.3475859 | H11: =H10 -> 0.030461531 | I11: =I10 -> 3.15 | J11: =J10 -> 63.027153 | K11: =K10 -> 0.65 | L11: =Data!BL11 -> 2385.2246 | M11: =VLOOKUP(C11,Data!$CB$2:$EB$22,1+VALUE(MID(A11,6,2)),FALSE) -> 0 | Q11: 0 | R11: 1056.7588 | S11: 24458.573 | T11: 0.11960311
A12: Week_50_old | B12: FiFi | C12: tv.fifi | E12: =IF(RIGHT(A12,3)="old","Initial",B12&"-"&C12) -> Initial | F12: =Data!AN12 -> 348451.97 | G12: =Data!AP12 -> 6.6816215 | H12: =H11 -> 0.030461531 | I12: =I11 -> 3.15 | J12: =J11 -> 63.027153 | K12: =K11 -> 0.65 | L12: =Data!BL12 -> 2011.4208 | M12: =VLOOKUP(C12,Data!$CB$2:$EB$22,1+VALUE(MID(A12,6,2)),FALSE) -> 0 | Q12: 0 | R12: 843.45555 | S12: 17752.3 | T12: 0.079463472
A13: Week_51_old | B13: FiFi | C13: tv.fifi | E13: =IF(RIGHT(A13,3)="old","Initial",B13&"-"&C13) -> Initial | F13: =Data!AN13 -> 427408.08 | G13: =Data!AP13 -> 6.1680815 | H13: =H12 -> 0.030461531 | I13: =I12 -> 3.15 | J13: =J12 -> 63.027153 | K13: =K12 -> 0.65 | L13: =Data!BL13 -> 2011.4208 | M13: =VLOOKUP(C13,Data!$CB$2:$EB$22,1+VALUE(MID(A13,6,2)),FALSE) -> 0 | Q13: 0 | R13: 682.17617 | S13: 13254.312 | T13: 0.052396476
A14: Week_52_old | B14: FiFi | C14: tv.fifi | E14: =IF(RIGHT(A14,3)="old","Initial",B14&"-"&C14) -> Initial | F14: =Data!AN14 -> 330189.5 | G14: =Data!AP14 -> 6.4579352 | H14: =H13 -> 0.030461531 | I14: =I13 -> 3.15 | J14: =J13 -> 63.027153 | K14: =K13 -> 0.65 | L14: =Data!BL14 -> 2011.4208 | M14: =VLOOKUP(C14,Data!$CB$2:$EB$22,1+VALUE(MID(A14,6,2)),FALSE) -> 0 | Q14: 0 | R14: 345.77253 | S14: 7033.8764 | T14: 0.034377596
... A66: Week_52 | B66: FiFi | C66: tv.fifi | E66: =IF(RIGHT(A66,3)="old","Initial",B66&"-"&C66) -> FiFi-tv.fifi | F66: =Data!AN66 -> 330189.5 | G66: =Data!AP66 -> 6.4579352 | H66: =H65 -> 0.030461531 | I66: =I65 -> 3.15 | J66: =J65 -> 63.027153 | K66: =K65 -> 0.65 | L66: =Data!BL66 -> 2011.4208 | M66: =VLOOKUP(C66,Data!$CB$2:$EB$22,1+VALUE(MID(A66,6,2)),FALSE) -> 0 | Q66: 0 | R66: 374.20653 | S66: 7612.2949 | T66: 0.037204577
A68: Week_40_old | B68: FiFi | C68: tv.fifi | D68: =A68&"-generic-cofi" -> Week_40_old-generic-cofi | E68: =IF(RIGHT(A68,3)="old","Initial",B68&"-"&C68) -> Initial | H68: =SUMIFS(Data!N$2:N$48,Data!$L$2:$L$48,$C68,Data!$M$2:$M$48,RIGHT($D68,4)) -> 0.0041802592 | I68: =VLOOKUP(C68,parms,8,FALSE) -> 3.15 | J68: =SUMIFS(Data!O$2:O$48,Data!$L$2:$L$48,$C68,Data!$M$2:$M$48,RIGHT($D68,4)) -> 84.453237 | K68: =SUMIFS(Data!Q$2:Q$48,Data!$L$2:$L$48,$C68,Data!$M$2:$M$48,RIGHT($D68,4)) -> 0.65 | L68: =Data!BL2 -> 1830.2632 | Q68: 0 | R68: 8.2454943 | S68: 184.49269 | T68: 0.019497698
A69: Week_41_old | B69: FiFi | C69: tv.fifi | D69: =A69&"-generic-cofi" -> Week_41_old-generic-cofi | E69: =IF(RIGHT(A69,3)="old","Initial",B69&"-"&C69) -> Initial | H69: =H68 -> 0.0041802592 | I69: =I68 -> 3.15 | J69: =J68 -> 84.453237 | K69: =K68 -> 0.65 | L69: =Data!BL3 -> 1725.3904 | Q69: 0 | R69: 65.774375 | S69: 1286.9031 | T69: 0.10683889
A70: Week_42_old | B70: FiFi | C70: tv.fifi | D70: =A70&"-generic-cofi" -> Week_42_old-generic-cofi | E70: =IF(RIGHT(A70,3)="old","Initial",B70&"-"&C70) -> Initial | H70: =H69 -> 0.0041802592 | I70: =I69 -> 3.15 | J70: =J69 -> 84.453237 | K70: =K69 -> 0.65 | L70: =Data!BL4 -> 1946.9834 | Q70: 0 | R70: 42.75948 | S70: 860.39271 | T70: 0.073048086
A71: Week_43_old | B71: FiFi | C71: tv.fifi | D71: =A71&"-generic-cofi" -> Week_43_old-generic-cofi | E71: =IF(RIGHT(A71,3)="old","Initial",B71&"-"&C71) -> Initial | H71: =H70 -> 0.0041802592 | I71: =I70 -> 3.15 | J71: =J70 -> 84.453237 | K71: =K70 -> 0.65 | L71: =Data!BL5 -> 1944.8608 | Q71: 0 | R71: 120.30841 | S71: 2693.1984 | T71: 0.2758296
A72: Week_44_old | B72: FiFi | C72: tv.fifi | D72: =A72&"-generic-cofi" -> Week_44_old-generic-cofi | E72: =IF(RIGHT(A72,3)="old","Initial",B72&"-"&C72) -> Initial | H72: =H71 -> 0.0041802592 | I72: =I71 -> 3.15 | J72: =J71 -> 84.453237 | K72: =K71 -> 0.65 | L72: =Data!BL6 -> 2085.2621 | Q72: 0 | R72: 85.467946 | S72: 1951.6767 | T72: 0.19626681
A73: Week_45_old | B73: FiFi | C73: tv.fifi | D73: =A73&"-generic-cofi" -> Week_45_old-generic-cofi | E73: =IF(RIGHT(A73,3)="old","Initial",B73&"-"&C73) -> Initial | H73: =H72 -> 0.0041802592 | I73: =I72 -> 3.15 | J73: =J72 -> 84.453237 | K73: =K72 -> 0.65 | L73: =Data!BL7 -> 1650.6524 | Q73: 0 | R73: 280.27004 | S73: 5394.339 | T73: 0.40130768
A74: Week_46_old | B74: FiFi | C74: tv.fifi | D74: =A74&"-generic-cofi" -> Week_46_old-generic-cofi | E74: =IF(RIGHT(A74,3)="old","Initial",B74&"-"&C74) -> Initial | H74: =H73 -> 0.0041802592 | I74: =I73 -> 3.15 | J74: =J73 -> 84.453237 | K74: =K73 -> 0.65 | L74: =Data!BL8 -> 1731.9975 | Q74: 0 | R74: 164.71447 | S74: 3466.94 | T74: 0.29260299
A75: Week_47_old | B75: FiFi | C75: tv.fifi | D75: =A75&"-generic-cofi" -> Week_47_old-generic-cofi | E75: =IF(RIGHT(A75,3)="old","Initial",B75&"-"&C75) -> Initial | H75: =H74 -> 0.0041802592 | I75: =I74 -> 3.15 | J75: =J74 -> 84.453237 | K75: =K74 -> 0.65 | L75: =Data!BL9 -> 2385.2246 | Q75: 0 | R75: 103.35035 | S75: 2204.5517 | T75: 0.20148865
A76: Week_48_old | B76: FiFi | C76: tv.fifi | D76: =A76&"-generic-cofi" -> Week_48_old-generic-cofi | E76: =IF(RIGHT(A76,3)="old","Initial",B76&"-"&C76) -> Initial | H76: =H75 -> 0.0041802592 | I76: =I75 -> 3.15 | J76: =J75 -> 84.453237 | K76: =K75 -> 0.65 | L76: =Data!BL10 -> 2385.2246 | Q76: 0 | R76: 59.139061 | S76: 1333.4791 | T76: 0.13606173
A77: Week_49_old | B77: FiFi | C77: tv.fifi | D77: =A77&"-generic-cofi" -> Week_49_old-generic-cofi | E77: =IF(RIGHT(A77,3)="old","Initial",B77&"-"&C77) -> Initial | H77: =H76 -> 0.0041802592 | I77: =I76 -> 3.15 | J77: =J76 -> 84.453237 | K77: =K76 -> 0.65 | L77: =Data!BL11 -> 2385.2246 | Q77: 0 | R77: 42.377995 | S77: 932.22778 | T77: 0.090686243
A78: Week_50_old | B78: FiFi | C78: tv.fifi | D78: =A78&"-generic-cofi" -> Week_50_old-generic-cofi | E78: =IF(RIGHT(A78,3)="old","Initial",B78&"-"&C78) -> Initial | H78: =H77 -> 0.0041802592 | I78: =I77 -> 3.15 | J78: =J77 -> 84.453237 | K78: =K77 -> 0.65 | L78: =Data!BL12 -> 2011.4208 | Q78: 0 | R78: 42.454711 | S78: 818.99333 | T78: 0.059921879
A79: Week_51_old | B79: FiFi | C79: tv.fifi | D79: =A79&"-generic-cofi" -> Week_51_old-generic-cofi | E79: =IF(RIGHT(A79,3)="old","Initial",B79&"-"&C79) -> Initial | H79: =H78 -> 0.0041802592 | I79: =I78 -> 3.15 | J79: =J78 -> 84.453237 | K79: =K78 -> 0.65 | L79: =Data!BL13 -> 2011.4208 | Q79: 0 | R79: 17.113116 | S79: 386.42048 | T79: 0.039369073
A80: Week_52_old | B80: FiFi | C80: tv.fifi | D80: =A80&"-generic-cofi" -> Week_52_old-generic-cofi | E80: =IF(RIGHT(A80,3)="old","Initial",B80&"-"&C80) -> Initial | H80: =H79 -> 0.0041802592 | I80: =I79 -> 3.15 | J80: =J79 -> 84.453237 | K80: =K79 -> 0.65 | L80: =Data!BL14 -> 2011.4208 | Q80: 0 | R80: 11.048636 | S80: 228.58035 | T80: 0.025769399
... A132: Week_52 | B132: FiFi | C132: tv.fifi | D132: =A132&"-generic-cofi" -> Week_52-generic-cofi | E132: =IF(RIGHT(A132,3)="old","Initial",B132&"-"&C132) -> FiFi-tv.fifi | H132: =H131 -> 0.0041802592 | I132: =I131 -> 3.15 | J132: =J131 -> 84.453237 | K132: =K131 -> 0.65 | L132: =Data!BL66 -> 2011.4208 | Q132: 0 | R132: 11.961602 | S132: 247.4683 | T132: 0.027898765
A134: Week_40_old | B134: FiFi | C134: tv.fifi | D134: =A134&"-generic-refi" -> Week_40_old-generic-refi | E134: =IF(RIGHT(A134,3)="old","Initial",B134&"-"&C134) -> Initial | H134: =SUMIFS(Data!N$2:N$48,Data!$L$2:$L$48,$C134,Data!$M$2:$M$48,RIGHT($D134,4)) -> 0.0057091598 | I134: =VLOOKUP(C134,parms,8,FALSE) -> 3.15 | J134: =SUMIFS(Data!O$2:O$48,Data!$L$2:$L$48,$C134,Data!$M$2:$M$48,RIGHT($D134,4)) -> 108.8223 | K134: =SUMIFS(Data!Q$2:Q$48,Data!$L$2:$L$48,$C134,Data!$M$2:$M$48,RIGHT($D134,4)) -> 0.65 | L134: =Data!BL2 -> 1830.2632 | Q134: 0 | R134: 13.782773 | S134: 215.58663 | T134: 0.01516479
A135: Week_41_old | B135: FiFi | C135: tv.fifi | D135: =A135&"-generic-refi" -> Week_41_old-generic-refi | E135: =IF(RIGHT(A135,3)="old","Initial",B135&"-"&C135) -> Initial | H135: =H134 -> 0.0057091598 | I135: =I134 -> 3.15 | J135: =J134 -> 108.8223 | K135: =K134 -> 0.65 | L135: =Data!BL3 -> 1725.3904 | Q135: 0 | R135: 137.56529 | S135: 1726.9818 | T135: 0.083951827
A136: Week_42_old | B136: FiFi | C136: tv.fifi | D136: =A136&"-generic-refi" -> Week_42_old-generic-refi | E136: =IF(RIGHT(A136,3)="old","Initial",B136&"-"&C136) -> Initial | H136: =H135 -> 0.0057091598 | I136: =I135 -> 3.15 | J136: =J135 -> 108.8223 | K136: =K135 -> 0.65 | L136: =Data!BL4 -> 1946.9834 | Q136: 0 | R136: 83.458426 | S136: 1107.41 | T136: 0.057168176
A137: Week_43_old | B137: FiFi | C137: tv.fifi | D137: =A137&"-generic-refi" -> Week_43_old-generic-refi | E137: =IF(RIGHT(A137,3)="old","Initial",B137&"-"&C137) -> Initial | H137: =H136 -> 0.0057091598 | I137: =I136 -> 3.15 | J137: =J136 -> 108.8223 | K137: =K136 -> 0.65 | L137: =Data!BL5 -> 1944.8608 | Q137: 0 | R137: 237.37788 | S137: 3488.2975 | T137: 0.22155622
A138: Week_44_old | B138: FiFi | C138: tv.fifi | D138: =A138&"-generic-refi" -> Week_44_old-generic-refi | E138: =IF(RIGHT(A138,3)="old","Initial",B138&"-"&C138) -> Initial | H138: =H137 -> 0.0057091598 | I138: =I137 -> 3.15 | J138: =J137 -> 108.8223 | K138: =K137 -> 0.65 | L138: =Data!BL6 -> 2085.2621 | Q138: 0 | R138: 146.13919 | S138: 2307.1633 | T138: 0.15596468
A139: Week_45_old | B139: FiFi | C139: tv.fifi | D139: =A139&"-generic-refi" -> Week_45_old-generic-refi | E139: =IF(RIGHT(A139,3)="old","Initial",B139&"-"&C139) -> Initial | H139: =H138 -> 0.0057091598 | I139: =I138 -> 3.15 | J139: =J138 -> 108.8223 | K139: =K138 -> 0.65 | L139: =Data!BL7 -> 1650.6524 | Q139: 0 | R139: 606.75097 | S139: 7471.8428 | T139: 0.32842354
A140: Week_46_old | B140: FiFi | C140: tv.fifi | D140: =A140&"-generic-refi" -> Week_46_old-generic-refi | E140: =IF(RIGHT(A140,3)="old","Initial",B140&"-"&C140) -> Initial | H140: =H139 -> 0.0057091598 | I140: =I139 -> 3.15 | J140: =J139 -> 108.8223 | K140: =K139 -> 0.65 | L140: =Data!BL8 -> 1731.9975 | Q140: 0 | R140: 334.03428 | S140: 4548.8941 | T140: 0.23558569
A141: Week_47_old | B141: FiFi | C141: tv.fifi | D141: =A141&"-generic-refi" -> Week_47_old-generic-refi | E141: =IF(RIGHT(A141,3)="old","Initial",B141&"-"&C141) -> Initial | H141: =H140 -> 0.0057091598 | I141: =I140 -> 3.15 | J141: =J140 -> 108.8223 | K141: =K140 -> 0.65 | L141: =Data!BL9 -> 2385.2246 | Q141: 0 | R141: 226.7925 | S141: 3099.2328 | T141: 0.16022348
A142: Week_48_old | B142: FiFi | C142: tv.fifi | D142: =A142&"-generic-refi" -> Week_48_old-generic-refi | E142: =IF(RIGHT(A142,3)="old","Initial",B142&"-"&C142) -> Initial | H142: =H141 -> 0.0057091598 | I142: =I141 -> 3.15 | J142: =J141 -> 108.8223 | K142: =K141 -> 0.65 | L142: =Data!BL10 -> 2385.2246 | Q142: 0 | R142: 92.952266 | S142: 1510.2908 | T142: 0.10729818
A143: Week_49_old | B143: FiFi | C143: tv.fifi | D143: =A143&"-generic-refi" -> Week_49_old-generic-refi | E143: =IF(RIGHT(A143,3)="old","Initial",B143&"-"&C143) -> Initial | H143: =H142 -> 0.0057091598 | I143: =I142 -> 3.15 | J143: =J142 -> 108.8223 | K143: =K142 -> 0.65 | L143: =Data!BL11 -> 2385.2246 | Q143: 0 | R143: 80.419422 | S143: 1165.272 | T143: 0.071120937
A144: Week_50_old | B144: FiFi | C144: tv.fifi | D144: =A144&"-generic-refi" -> Week_50_old-generic-refi | E144: =IF(RIGHT(A144,3)="old","Initial",B144&"-"&C144) -> Initial | H144: =H143 -> 0.0057091598 | I144: =I143 -> 3.15 | J144: =J143 -> 108.8223 | K144: =K143 -> 0.65 | L144: =Data!BL12 -> 2011.4208 | Q144: 0 | R144: 73.777784 | S144: 956.02514 | T144: 0.0468232
A145: Week_51_old | B145: FiFi | C145: tv.fifi | D145: =A145&"-generic-refi" -> Week_51_old-generic-refi | E145: =IF(RIGHT(A145,3)="old","Initial",B145&"-"&C145) -> Initial | H145: =H144 -> 0.0057091598 | I145: =I144 -> 3.15 | J145: =J144 -> 108.8223 | K145: =K144 -> 0.65 | L145: =Data!BL13 -> 2011.4208 | Q145: 0 | R145: 45.60383 | S145: 613.10973 | T145: 0.030689871
A146: Week_52_old | B146: FiFi | C146: tv.fifi | D146: =A146&"-generic-refi" -> Week_52_old-generic-refi | E146: =IF(RIGHT(A146,3)="old","Initial",B146&"-"&C146) -> Initial | H146: =H145 -> 0.0057091598 | I146: =I145 -> 3.15 | J146: =J145 -> 108.8223 | K146: =K145 -> 0.65 | L146: =Data!BL14 -> 2011.4208 | Q146: 0 | R146: 20.341429 | S146: 279.35001 | T146: 0.020057061
... A198: Week_52 | B198: FiFi | C198: tv.fifi | D198: =A198&"-generic-refi" -> Week_52-generic-refi | E198: =IF(RIGHT(A198,3)="old","Initial",B198&"-"&C198) -> FiFi-tv.fifi | H198: =H197 -> 0.0057091598 | I198: =I197 -> 3.15 | J198: =J197 -> 108.8223 | K198: =K197 -> 0.65 | L198: =Data!BL66 -> 2011.4208 | Q198: 0 | R198: 22.027625 | S198: 302.50665 | T198: 0.021719684
A200: Week_40_old | B200: FiFi | C200: vod.fifi | E200: =IF(RIGHT(A200,3)="old","Initial",B200&"-"&C200) -> Initial | F200: =F2 -> 393432.47 | G200: =G2 -> 6.2941961 | H200: =VLOOKUP(C200,parms,3,FALSE) -> 0.0086056725 | I200: =VLOOKUP(C200,parms,8,FALSE) -> 3.39 | J200: =VLOOKUP(C200,parms,4,FALSE) -> 1289612 | K200: =VLOOKUP(C200,parms,6,FALSE) -> 0.3 | L200: =Data!BM2 -> 0.0082011923 | M200: =VLOOKUP(C200,Data!$CB$2:$EB$22,1+VALUE(MID(A200,6,2)),FALSE) -> 58461.9 | Q200: 58461.9 | R200: 3372.2909 | S200: 13493.765 | T200: 0.99602449
A201: Week_41_old | B201: FiFi | C201: vod.fifi | E201: =IF(RIGHT(A201,3)="old","Initial",B201&"-"&C201) -> Initial | F201: =F3 -> 228081.02 | G201: =G3 -> 7.9971815 | H201: =H200 -> 0.0086056725 | I201: =I200 -> 3.39 | J201: =J200 -> 1289612 | K201: =K200 -> 0.3 | L201: =Data!BM3 -> 0.0097059982 | M201: =VLOOKUP(C201,Data!$CB$2:$EB$22,1+VALUE(MID(A201,6,2)),FALSE) -> 61013.154 | Q201: 61013.154 | R201: 1959.9346 | S201: -7878.4559 | T201: 0.99854495
A202: Week_42_old | B202: FiFi | C202: vod.fifi | E202: =IF(RIGHT(A202,3)="old","Initial",B202&"-"&C202) -> Initial | F202: =F4 -> 317634.99 | G202: =G4 -> 6.7548153 | H202: =H201 -> 0.0086056725 | I202: =I201 -> 3.39 | J202: =J201 -> 1289612 | K202: =K201 -> 0.3 | L202: =Data!BM4 -> 0.0097059982 | M202: =VLOOKUP(C202,Data!$CB$2:$EB$22,1+VALUE(MID(A202,6,2)),FALSE) -> 60961.624 | Q202: 60961.624 | R202: 2730.5086 | S202: 1563.8112 | T202: 0.99891928
A203: Week_43_old | B203: FiFi | C203: vod.fifi | E203: =IF(RIGHT(A203,3)="old","Initial",B203&"-"&C203) -> Initial | F203: =F5 -> 322486.62 | G203: =G5 -> 6.9739034 | H203: =H202 -> 0.0086056725 | I203: =I202 -> 3.39 | J203: =J202 -> 1289612 | K203: =K202 -> 0.3 | L203: =Data!BM5 -> 0.0097059982 | M203: =VLOOKUP(C203,Data!$CB$2:$EB$22,1+VALUE(MID(A203,6,2)),FALSE) -> 11255.507 | Q203: 11255.507 | R203: 2629.7073 | S203: 50914.803 | T203: 0.9475691
A204: Week_44_old | B204: FiFi | C204: vod.fifi | E204: =IF(RIGHT(A204,3)="old","Initial",B204&"-"&C204) -> Initial | F204: =F6 -> 401386.28 | G204: =G6 -> 6.2238891 | H204: =H203 -> 0.0086056725 | I204: =I203 -> 3.39 | J204: =J203 -> 1289612 | K204: =K203 -> 0.3 | L204: =Data!BM6 -> 0.0097059982 | M204: =VLOOKUP(C204,Data!$CB$2:$EB$22,1+VALUE(MID(A204,6,2)),FALSE) -> 6016.5491 | Q204: 6016.5491 | R204: 2572.1947 | S204: 48254.146 | T204: 0.74465739
A205: Week_45_old | B205: FiFi | C205: vod.fifi | E205: =IF(RIGHT(A205,3)="old","Initial",B205&"-"&C205) -> Initial | F205: =F7 -> 309588.9 | G205: =G7 -> 6.9990429 | H205: =H204 -> 0.0086056725 | I205: =I204 -> 3.39 | J205: =J204 -> 1289612 | K205: =K204 -> 0.3 | L205: =Data!BM7 -> 0.0083516729 | M205: =VLOOKUP(C205,Data!$CB$2:$EB$22,1+VALUE(MID(A205,6,2)),FALSE) -> 6902.1493 | Q205: 6902.1493 | R205: 1732.2709 | S205: 34199.019 | T205: 0.65019799
A206: Week_46_old | B206: FiFi | C206: vod.fifi | E206: =IF(RIGHT(A206,3)="old","Initial",B206&"-"&C206) -> Initial | F206: =F8 -> 309968.78 | G206: =G8 -> 6.976701 | H206: =H205 -> 0.0086056725 | I206: =I205 -> 3.39 | J206: =J205 -> 1289612 | K206: =K205 -> 0.3 | L206: =Data!BM8 -> 0.0083516729 | M206: =VLOOKUP(C206,Data!$CB$2:$EB$22,1+VALUE(MID(A206,6,2)),FALSE) -> 6370.2565 | Q206: 6370.2565 | R206: 1590.0767 | S206: 31236.674 | T206: 0.59609478
A207: Week_47_old | B207: FiFi | C207: vod.fifi | E207: =IF(RIGHT(A207,3)="old","Initial",B207&"-"&C207) -> Initial | F207: =F9 -> 454180.53 | G207: =G9 -> 6.0080329 | H207: =H206 -> 0.0086056725 | I207: =I206 -> 3.39 | J207: =J206 -> 1289612 | K207: =K206 -> 0.3 | L207: =Data!BM9 -> 0.0083516729 | M207: =VLOOKUP(C207,Data!$CB$2:$EB$22,1+VALUE(MID(A207,6,2)),FALSE) -> 4014.8052 | Q207: 4014.8052 | R207: 1857.3262 | S207: 33813.788 | T207: 0.47519828
A208: Week_48_old | B208: FiFi | C208: vod.fifi | E208: =IF(RIGHT(A208,3)="old","Initial",B208&"-"&C208) -> Initial | F208: =F10 -> 455011.74 | G208: =G10 -> 6.0449284 | H208: =H207 -> 0.0086056725 | I208: =I207 -> 3.39 | J208: =J207 -> 1289612 | K208: =K207 -> 0.3 | L208: =Data!BM10 -> 0.0083516729 | M208: =VLOOKUP(C208,Data!$CB$2:$EB$22,1+VALUE(MID(A208,6,2)),FALSE) -> 906.49024 | Q208: 906.49024 | R208: 949.11833 | S208: 18543.134 | T208: 0.24238902
A209: Week_49_old | B209: FiFi | C209: vod.fifi | E209: =IF(RIGHT(A209,3)="old","Initial",B209&"-"&C209) -> Initial | F209: =F11 -> 290055.89 | G209: =G11 -> 7.3475859 | H209: =H208 -> 0.0086056725 | I209: =I208 -> 3.39 | J209: =J208 -> 1289612 | K209: =K208 -> 0.3 | L209: =Data!BM11 -> 0.0083516729 | M209: =VLOOKUP(C209,Data!$CB$2:$EB$22,1+VALUE(MID(A209,6,2)),FALSE) -> 0 | Q209: 0 | R209: 199.44657 | S209: 4967.8782 | T209: 0.079902443
A210: Week_50_old | B210: FiFi | C210: vod.fifi | E210: =IF(RIGHT(A210,3)="old","Initial",B210&"-"&C210) -> Initial | F210: =F12 -> 348451.97 | G210: =G12 -> 6.6816215 | H210: =H209 -> 0.0086056725 | I210: =I209 -> 3.39 | J210: =J209 -> 1289612 | K210: =K209 -> 0.3 | L210: =Data!BM12 -> 0.0072983087 | M210: =VLOOKUP(C210,Data!$CB$2:$EB$22,1+VALUE(MID(A210,6,2)),FALSE) -> 0 | Q210: 0 | R210: 73.98659 | S210: 1675.8478 | T210: 0.024673188
A211: Week_51_old | B211: FiFi | C211: vod.fifi | E211: =IF(RIGHT(A211,3)="old","Initial",B211&"-"&C211) -> Initial | F211: =F13 -> 427408.08 | G211: =G13 -> 6.1680815 | H211: =H210 -> 0.0086056725 | I211: =I210 -> 3.39 | J211: =J210 -> 1289612 | K211: =K210 -> 0.3 | L211: =Data!BM13 -> 0.0072983087 | M211: =VLOOKUP(C211,Data!$CB$2:$EB$22,1+VALUE(MID(A211,6,2)),FALSE) -> 0 | Q211: 0 | R211: 27.463838 | S211: 574.26327 | T211: 0.0074667857
A212: Week_52_old | B212: FiFi | C212: vod.fifi | E212: =IF(RIGHT(A212,3)="old","Initial",B212&"-"&C212) -> Initial | F212: =F14 -> 330189.5 | G212: =G14 -> 6.4579352 | H212: =H211 -> 0.0086056725 | I212: =I211 -> 3.39 | J212: =J211 -> 1289612 | K212: =K211 -> 0.3 | L212: =Data!BM14 -> 0.0072983087 | M212: =VLOOKUP(C212,Data!$CB$2:$EB$22,1+VALUE(MID(A212,6,2)),FALSE) -> 0 | Q212: 0 | R212: 6.3817726 | S212: 139.71232 | T212: 0.0022459147
... A264: Week_52 | B264: FiFi | C264: vod.fifi | E264: =IF(RIGHT(A264,3)="old","Initial",B264&"-"&C264) -> FiFi-vod.fifi | F264: =F66 -> 330189.5 | G264: =G66 -> 6.4579352 | H264: =H263 -> 0.0086056725 | I264: =I263 -> 3.39 | J264: =J263 -> 1289612 | K264: =K263 -> 0.3 | L264: =Data!BM66 -> 0.0072983087 | M264: =VLOOKUP(C264,Data!$CB$2:$EB$22,1+VALUE(MID(A264,6,2)),FALSE) -> 0 | Q264: 0 | R264: 6.3839439 | S264: 139.75986 | T264: 0.0022466788
A266: Week_40_old | B266: FiFi | C266: display.fifi | E266: =IF(RIGHT(A266,3)="old","Initial",B266&"-"&C266) -> Initial | F266: =F200 -> 393432.47 | G266: =G200 -> 6.2941961 | H266: =VLOOKUP(C266,parms,3,FALSE) -> 0.013595575 | I266: =VLOOKUP(C266,parms,8,FALSE) -> 3.05 | J266: =VLOOKUP(C266,parms,4,FALSE) -> 3445046.7 | K266: =VLOOKUP(C266,parms,6,FALSE) -> 0.15 | L266: =Data!BN2 -> 0.02851992 | M266: =VLOOKUP(C266,Data!$CB$2:$EB$22,1+VALUE(MID(A266,6,2)),FALSE) -> 0 | Q266: 0 | R266: 0 | S266: 0 | T266: 0
A267: Week_41_old | B267: FiFi | C267: display.fifi | E267: =IF(RIGHT(A267,3)="old","Initial",B267&"-"&C267) -> Initial | F267: =F201 -> 228081.02 | G267: =G201 -> 7.9971815 | H267: =H266 -> 0.013595575 | I267: =I266 -> 3.05 | J267: =J266 -> 3445046.7 | K267: =K266 -> 0.15 | L267: =Data!BN3 -> 0.033752933 | M267: =VLOOKUP(C267,Data!$CB$2:$EB$22,1+VALUE(MID(A267,6,2)),FALSE) -> 0 | Q267: 0 | R267: 0 | S267: 0 | T267: 0
A268: Week_42_old | B268: FiFi | C268: display.fifi | E268: =IF(RIGHT(A268,3)="old","Initial",B268&"-"&C268) -> Initial | F268: =F202 -> 317634.99 | G268: =G202 -> 6.7548153 | H268: =H267 -> 0.013595575 | I268: =I267 -> 3.05 | J268: =J267 -> 3445046.7 | K268: =K267 -> 0.15 | L268: =Data!BN4 -> 0.033752933 | M268: =VLOOKUP(C268,Data!$CB$2:$EB$22,1+VALUE(MID(A268,6,2)),FALSE) -> 0 | Q268: 0 | R268: 0 | S268: 0 | T268: 0
A269: Week_43_old | B269: FiFi | C269: display.fifi | E269: =IF(RIGHT(A269,3)="old","Initial",B269&"-"&C269) -> Initial | F269: =F203 -> 322486.62 | G269: =G203 -> 6.9739034 | H269: =H268 -> 0.013595575 | I269: =I268 -> 3.05 | J269: =J268 -> 3445046.7 | K269: =K268 -> 0.15 | L269: =Data!BN5 -> 0.033752933 | M269: =VLOOKUP(C269,Data!$CB$2:$EB$22,1+VALUE(MID(A269,6,2)),FALSE) -> 0 | Q269: 0 | R269: 0 | S269: 0 | T269: 0
A270: Week_44_old | B270: FiFi | C270: display.fifi | E270: =IF(RIGHT(A270,3)="old","Initial",B270&"-"&C270) -> Initial | F270: =F204 -> 401386.28 | G270: =G204 -> 6.2238891 | H270: =H269 -> 0.013595575 | I270: =I269 -> 3.05 | J270: =J269 -> 3445046.7 | K270: =K269 -> 0.15 | L270: =Data!BN6 -> 0.033752933 | M270: =VLOOKUP(C270,Data!$CB$2:$EB$22,1+VALUE(MID(A270,6,2)),FALSE) -> 0 | Q270: 0 | R270: 0 | S270: 0 | T270: 0
A271: Week_45_old | B271: FiFi | C271: display.fifi | E271: =IF(RIGHT(A271,3)="old","Initial",B271&"-"&C271) -> Initial | F271: =F205 -> 309588.9 | G271: =G205 -> 6.9990429 | H271: =H270 -> 0.013595575 | I271: =I270 -> 3.05 | J271: =J270 -> 3445046.7 | K271: =K270 -> 0.15 | L271: =Data!BN7 -> 0.029043221 | M271: =VLOOKUP(C271,Data!$CB$2:$EB$22,1+VALUE(MID(A271,6,2)),FALSE) -> 0 | Q271: 0 | R271: 0 | S271: 0 | T271: 0
A272: Week_46_old | B272: FiFi | C272: display.fifi | E272: =IF(RIGHT(A272,3)="old","Initial",B272&"-"&C272) -> Initial | F272: =F206 -> 309968.78 | G272: =G206 -> 6.976701 | H272: =H271 -> 0.013595575 | I272: =I271 -> 3.05 | J272: =J271 -> 3445046.7 | K272: =K271 -> 0.15 | L272: =Data!BN8 -> 0.029043221 | M272: =VLOOKUP(C272,Data!$CB$2:$EB$22,1+VALUE(MID(A272,6,2)),FALSE) -> 0 | Q272: 0 | R272: 0 | S272: 0 | T272: 0
A273: Week_47_old | B273: FiFi | C273: display.fifi | E273: =IF(RIGHT(A273,3)="old","Initial",B273&"-"&C273) -> Initial | F273: =F207 -> 454180.53 | G273: =G207 -> 6.0080329 | H273: =H272 -> 0.013595575 | I273: =I272 -> 3.05 | J273: =J272 -> 3445046.7 | K273: =K272 -> 0.15 | L273: =Data!BN9 -> 0.029043221 | M273: =VLOOKUP(C273,Data!$CB$2:$EB$22,1+VALUE(MID(A273,6,2)),FALSE) -> 0 | Q273: 0 | R273: 0 | S273: 0 | T273: 0
A274: Week_48_old | B274: FiFi | C274: display.fifi | E274: =IF(RIGHT(A274,3)="old","Initial",B274&"-"&C274) -> Initial | F274: =F208 -> 455011.74 | G274: =G208 -> 6.0449284 | H274: =H273 -> 0.013595575 | I274: =I273 -> 3.05 | J274: =J273 -> 3445046.7 | K274: =K273 -> 0.15 | L274: =Data!BN10 -> 0.029043221 | M274: =VLOOKUP(C274,Data!$CB$2:$EB$22,1+VALUE(MID(A274,6,2)),FALSE) -> 0 | Q274: 0 | R274: 0 | S274: 0 | T274: 0
A275: Week_49_old | B275: FiFi | C275: display.fifi | E275: =IF(RIGHT(A275,3)="old","Initial",B275&"-"&C275) -> Initial | F275: =F209 -> 290055.89 | G275: =G209 -> 7.3475859 | H275: =H274 -> 0.013595575 | I275: =I274 -> 3.05 | J275: =J274 -> 3445046.7 | K275: =K274 -> 0.15 | L275: =Data!BN11 -> 0.029043221 | M275: =VLOOKUP(C275,Data!$CB$2:$EB$22,1+VALUE(MID(A275,6,2)),FALSE) -> 0 | Q275: 0 | R275: 0 | S275: 0 | T275: 0
A276: Week_50_old | B276: FiFi | C276: display.fifi | E276: =IF(RIGHT(A276,3)="old","Initial",B276&"-"&C276) -> Initial | F276: =F210 -> 348451.97 | G276: =G210 -> 6.6816215 | H276: =H275 -> 0.013595575 | I276: =I275 -> 3.05 | J276: =J275 -> 3445046.7 | K276: =K275 -> 0.15 | L276: =Data!BN12 -> 0.025380112 | M276: =VLOOKUP(C276,Data!$CB$2:$EB$22,1+VALUE(MID(A276,6,2)),FALSE) -> 0 | Q276: 0 | R276: 0 | S276: 0 | T276: 0
A277: Week_51_old | B277: FiFi | C277: display.fifi | E277: =IF(RIGHT(A277,3)="old","Initial",B277&"-"&C277) -> Initial | F277: =F211 -> 427408.08 | G277: =G211 -> 6.1680815 | H277: =H276 -> 0.013595575 | I277: =I276 -> 3.05 | J277: =J276 -> 3445046.7 | K277: =K276 -> 0.15 | L277: =Data!BN13 -> 0.025380112 | M277: =VLOOKUP(C277,Data!$CB$2:$EB$22,1+VALUE(MID(A277,6,2)),FALSE) -> 0 | Q277: 0 | R277: 0 | S277: 0 | T277: 0
A278: Week_52_old | B278: FiFi | C278: display.fifi | E278: =IF(RIGHT(A278,3)="old","Initial",B278&"-"&C278) -> Initial | F278: =F212 -> 330189.5 | G278: =G212 -> 6.4579352 | H278: =H277 -> 0.013595575 | I278: =I277 -> 3.05 | J278: =J277 -> 3445046.7 | K278: =K277 -> 0.15 | L278: =Data!BN14 -> 0.025380112 | M278: =VLOOKUP(C278,Data!$CB$2:$EB$22,1+VALUE(MID(A278,6,2)),FALSE) -> 0 | Q278: 0 | R278: 0 | S278: 0 | T278: 0
... A330: Week_52 | B330: FiFi | C330: display.fifi | E330: =IF(RIGHT(A330,3)="old","Initial",B330&"-"&C330) -> FiFi-display.fifi | F330: =F264 -> 330189.5 | G330: =G264 -> 6.4579352 | H330: =H329 -> 0.013595575 | I330: =I329 -> 3.05 | J330: =J329 -> 3445046.7 | K330: =K329 -> 0.15 | L330: =Data!BN66 -> 0.025380112 | M330: =VLOOKUP(C330,Data!$CB$2:$EB$22,1+VALUE(MID(A330,6,2)),FALSE) -> 0 | Q330: 0 | R330: 0 | S330: 0 | T330: 0
A332: Week_40_old | B332: FiFi | C332: influencer.fifi | E332: =IF(RIGHT(A332,3)="old","Initial",B332&"-"&C332) -> Initial | F332: =F266 -> 393432.47 | G332: =G266 -> 6.2941961 | H332: =VLOOKUP(C332,parms,3,FALSE) -> 0.0016495032 | I332: =VLOOKUP(C332,parms,8,FALSE) -> 1.18 | J332: =VLOOKUP(C332,parms,4,FALSE) -> 295274.9 | K332: =VLOOKUP(C332,parms,6,FALSE) -> 0.15 | L332: =Data!BO2 -> 0.020641875 | M332: =VLOOKUP(C332,Data!$CB$2:$EB$22,1+VALUE(MID(A332,6,2)),FALSE) -> 0 | Q332: 0 | R332: 0 | S332: 0 | T332: 0
A333: Week_41_old | B333: FiFi | C333: influencer.fifi | E333: =IF(RIGHT(A333,3)="old","Initial",B333&"-"&C333) -> Initial | F333: =F267 -> 228081.02 | G333: =G267 -> 7.9971815 | H333: =H332 -> 0.0016495032 | I333: =I332 -> 1.18 | J333: =J332 -> 295274.9 | K333: =K332 -> 0.15 | L333: =Data!BO3 -> 0.024429375 | M333: =VLOOKUP(C333,Data!$CB$2:$EB$22,1+VALUE(MID(A333,6,2)),FALSE) -> 0 | Q333: 0 | R333: 0 | S333: 0 | T333: 0
A334: Week_42_old | B334: FiFi | C334: influencer.fifi | E334: =IF(RIGHT(A334,3)="old","Initial",B334&"-"&C334) -> Initial | F334: =F268 -> 317634.99 | G334: =G268 -> 6.7548153 | H334: =H333 -> 0.0016495032 | I334: =I333 -> 1.18 | J334: =J333 -> 295274.9 | K334: =K333 -> 0.15 | L334: =Data!BO4 -> 0.024429375 | M334: =VLOOKUP(C334,Data!$CB$2:$EB$22,1+VALUE(MID(A334,6,2)),FALSE) -> 0 | Q334: 0 | R334: 0 | S334: 0 | T334: 0
A335: Week_43_old | B335: FiFi | C335: influencer.fifi | E335: =IF(RIGHT(A335,3)="old","Initial",B335&"-"&C335) -> Initial | F335: =F269 -> 322486.62 | G335: =G269 -> 6.9739034 | H335: =H334 -> 0.0016495032 | I335: =I334 -> 1.18 | J335: =J334 -> 295274.9 | K335: =K334 -> 0.15 | L335: =Data!BO5 -> 0.024429375 | M335: =VLOOKUP(C335,Data!$CB$2:$EB$22,1+VALUE(MID(A335,6,2)),FALSE) -> 0 | Q335: 0 | R335: 0 | S335: 0 | T335: 0
A336: Week_44_old | B336: FiFi | C336: influencer.fifi | E336: =IF(RIGHT(A336,3)="old","Initial",B336&"-"&C336) -> Initial | F336: =F270 -> 401386.28 | G336: =G270 -> 6.2238891 | H336: =H335 -> 0.0016495032 | I336: =I335 -> 1.18 | J336: =J335 -> 295274.9 | K336: =K335 -> 0.15 | L336: =Data!BO6 -> 0.024429375 | M336: =VLOOKUP(C336,Data!$CB$2:$EB$22,1+VALUE(MID(A336,6,2)),FALSE) -> 0 | Q336: 0 | R336: 0 | S336: 0 | T336: 0
A337: Week_45_old | B337: FiFi | C337: influencer.fifi | E337: =IF(RIGHT(A337,3)="old","Initial",B337&"-"&C337) -> Initial | F337: =F271 -> 309588.9 | G337: =G271 -> 6.9990429 | H337: =H336 -> 0.0016495032 | I337: =I336 -> 1.18 | J337: =J336 -> 295274.9 | K337: =K336 -> 0.15 | L337: =Data!BO7 -> 0.021020625 | M337: =VLOOKUP(C337,Data!$CB$2:$EB$22,1+VALUE(MID(A337,6,2)),FALSE) -> 0 | Q337: 0 | R337: 0 | S337: 0 | T337: 0
A338: Week_46_old | B338: FiFi | C338: influencer.fifi | E338: =IF(RIGHT(A338,3)="old","Initial",B338&"-"&C338) -> Initial | F338: =F272 -> 309968.78 | G338: =G272 -> 6.976701 | H338: =H337 -> 0.0016495032 | I338: =I337 -> 1.18 | J338: =J337 -> 295274.9 | K338: =K337 -> 0.15 | L338: =Data!BO8 -> 0.021020625 | M338: =VLOOKUP(C338,Data!$CB$2:$EB$22,1+VALUE(MID(A338,6,2)),FALSE) -> 0 | Q338: 0 | R338: 0 | S338: 0 | T338: 0
A339: Week_47_old | B339: FiFi | C339: influencer.fifi | E339: =IF(RIGHT(A339,3)="old","Initial",B339&"-"&C339) -> Initial | F339: =F273 -> 454180.53 | G339: =G273 -> 6.0080329 | H339: =H338 -> 0.0016495032 | I339: =I338 -> 1.18 | J339: =J338 -> 295274.9 | K339: =K338 -> 0.15 | L339: =Data!BO9 -> 0.021020625 | M339: =VLOOKUP(C339,Data!$CB$2:$EB$22,1+VALUE(MID(A339,6,2)),FALSE) -> 0 | Q339: 0 | R339: 0 | S339: 0 | T339: 0
A340: Week_48_old | B340: FiFi | C340: influencer.fifi | E340: =IF(RIGHT(A340,3)="old","Initial",B340&"-"&C340) -> Initial | F340: =F274 -> 455011.74 | G340: =G274 -> 6.0449284 | H340: =H339 -> 0.0016495032 | I340: =I339 -> 1.18 | J340: =J339 -> 295274.9 | K340: =K339 -> 0.15 | L340: =Data!BO10 -> 0.021020625 | M340: =VLOOKUP(C340,Data!$CB$2:$EB$22,1+VALUE(MID(A340,6,2)),FALSE) -> 0 | Q340: 0 | R340: 0 | S340: 0 | T340: 0
A341: Week_49_old | B341: FiFi | C341: influencer.fifi | E341: =IF(RIGHT(A341,3)="old","Initial",B341&"-"&C341) -> Initial | F341: =F275 -> 290055.89 | G341: =G275 -> 7.3475859 | H341: =H340 -> 0.0016495032 | I341: =I340 -> 1.18 | J341: =J340 -> 295274.9 | K341: =K340 -> 0.15 | L341: =Data!BO11 -> 0.021020625 | M341: =VLOOKUP(C341,Data!$CB$2:$EB$22,1+VALUE(MID(A341,6,2)),FALSE) -> 0 | Q341: 0 | R341: 0 | S341: 0 | T341: 0
A342: Week_50_old | B342: FiFi | C342: influencer.fifi | E342: =IF(RIGHT(A342,3)="old","Initial",B342&"-"&C342) -> Initial | F342: =F276 -> 348451.97 | G342: =G276 -> 6.6816215 | H342: =H341 -> 0.0016495032 | I342: =I341 -> 1.18 | J342: =J341 -> 295274.9 | K342: =K341 -> 0.15 | L342: =Data!BO12 -> 0.018369375 | M342: =VLOOKUP(C342,Data!$CB$2:$EB$22,1+VALUE(MID(A342,6,2)),FALSE) -> 0 | Q342: 0 | R342: 0 | S342: 0 | T342: 0
A343: Week_51_old | B343: FiFi | C343: influencer.fifi | E343: =IF(RIGHT(A343,3)="old","Initial",B343&"-"&C343) -> Initial | F343: =F277 -> 427408.08 | G343: =G277 -> 6.1680815 | H343: =H342 -> 0.0016495032 | I343: =I342 -> 1.18 | J343: =J342 -> 295274.9 | K343: =K342 -> 0.15 | L343: =Data!BO13 -> 0.018369375 | M343: =VLOOKUP(C343,Data!$CB$2:$EB$22,1+VALUE(MID(A343,6,2)),FALSE) -> 0 | Q343: 0 | R343: 0 | S343: 0 | T343: 0
A344: Week_52_old | B344: FiFi | C344: influencer.fifi | E344: =IF(RIGHT(A344,3)="old","Initial",B344&"-"&C344) -> Initial | F344: =F278 -> 330189.5 | G344: =G278 -> 6.4579352 | H344: =H343 -> 0.0016495032 | I344: =I343 -> 1.18 | J344: =J343 -> 295274.9 | K344: =K343 -> 0.15 | L344: =Data!BO14 -> 0.018369375 | M344: =VLOOKUP(C344,Data!$CB$2:$EB$22,1+VALUE(MID(A344,6,2)),FALSE) -> 0 | Q344: 0 | R344: 0 | S344: 0 | T344: 0
... A396: Week_52 | B396: FiFi | C396: influencer.fifi | E396: =IF(RIGHT(A396,3)="old","Initial",B396&"-"&C396) -> FiFi-influencer.fifi | F396: =F330 -> 330189.5 | G396: =G330 -> 6.4579352 | H396: =H395 -> 0.0016495032 | I396: =I395 -> 1.18 | J396: =J395 -> 295274.9 | K396: =K395 -> 0.15 | L396: =Data!BO66 -> 0.018369375 | M396: =VLOOKUP(C396,Data!$CB$2:$EB$22,1+VALUE(MID(A396,6,2)),FALSE) -> 0 | Q396: 0 | R396: 0 | S396: 0 | T396: 0
A398: Week_40_old | B398: FiFi | C398: social.display.fifi | E398: =IF(RIGHT(A398,3)="old","Initial",B398&"-"&C398) -> Initial | F398: =F332 -> 393432.47 | G398: =G332 -> 6.2941961 | H398: =VLOOKUP(C398,parms,3,FALSE) -> 0.0042364185 | I398: =VLOOKUP(C398,parms,8,FALSE) -> 2.04 | J398: =VLOOKUP(C398,parms,4,FALSE) -> 3365376.8 | K398: =VLOOKUP(C398,parms,6,FALSE) -> 0.15 | L398: =Data!BQ2 -> 0.0031584228 | M398: =VLOOKUP(C398,Data!$CB$2:$EB$22,1+VALUE(MID(A398,6,2)),FALSE) -> 0 | Q398: 0 | R398: 0 | S398: 0 | T398: 0
A399: Week_41_old | B399: FiFi | C399: social.display.fifi | E399: =IF(RIGHT(A399,3)="old","Initial",B399&"-"&C399) -> Initial | F399: =F333 -> 228081.02 | G399: =G333 -> 7.9971815 | H399: =H398 -> 0.0042364185 | I399: =I398 -> 2.04 | J399: =J398 -> 3365376.8 | K399: =K398 -> 0.15 | L399: =Data!BQ3 -> 0.00373795 | M399: =VLOOKUP(C399,Data!$CB$2:$EB$22,1+VALUE(MID(A399,6,2)),FALSE) -> 0 | Q399: 0 | R399: 0 | S399: 0 | T399: 0
A400: Week_42_old | B400: FiFi | C400: social.display.fifi | E400: =IF(RIGHT(A400,3)="old","Initial",B400&"-"&C400) -> Initial | F400: =F334 -> 317634.99 | G400: =G334 -> 6.7548153 | H400: =H399 -> 0.0042364185 | I400: =I399 -> 2.04 | J400: =J399 -> 3365376.8 | K400: =K399 -> 0.15 | L400: =Data!BQ4 -> 0.00373795 | M400: =VLOOKUP(C400,Data!$CB$2:$EB$22,1+VALUE(MID(A400,6,2)),FALSE) -> 0 | Q400: 0 | R400: 0 | S400: 0 | T400: 0
A401: Week_43_old | B401: FiFi | C401: social.display.fifi | E401: =IF(RIGHT(A401,3)="old","Initial",B401&"-"&C401) -> Initial | F401: =F335 -> 322486.62 | G401: =G335 -> 6.9739034 | H401: =H400 -> 0.0042364185 | I401: =I400 -> 2.04 | J401: =J400 -> 3365376.8 | K401: =K400 -> 0.15 | L401: =Data!BQ5 -> 0.00373795 | M401: =VLOOKUP(C401,Data!$CB$2:$EB$22,1+VALUE(MID(A401,6,2)),FALSE) -> 0 | Q401: 0 | R401: 0 | S401: 0 | T401: 0
A402: Week_44_old | B402: FiFi | C402: social.display.fifi | E402: =IF(RIGHT(A402,3)="old","Initial",B402&"-"&C402) -> Initial | F402: =F336 -> 401386.28 | G402: =G336 -> 6.2238891 | H402: =H401 -> 0.0042364185 | I402: =I401 -> 2.04 | J402: =J401 -> 3365376.8 | K402: =K401 -> 0.15 | L402: =Data!BQ6 -> 0.00373795 | M402: =VLOOKUP(C402,Data!$CB$2:$EB$22,1+VALUE(MID(A402,6,2)),FALSE) -> 0 | Q402: 0 | R402: 0 | S402: 0 | T402: 0
A403: Week_45_old | B403: FiFi | C403: social.display.fifi | E403: =IF(RIGHT(A403,3)="old","Initial",B403&"-"&C403) -> Initial | F403: =F337 -> 309588.9 | G403: =G337 -> 6.9990429 | H403: =H402 -> 0.0042364185 | I403: =I402 -> 2.04 | J403: =J402 -> 3365376.8 | K403: =K402 -> 0.15 | L403: =Data!BQ7 -> 0.0032163756 | M403: =VLOOKUP(C403,Data!$CB$2:$EB$22,1+VALUE(MID(A403,6,2)),FALSE) -> 0 | Q403: 0 | R403: 0 | S403: 0 | T403: 0
A404: Week_46_old | B404: FiFi | C404: social.display.fifi | E404: =IF(RIGHT(A404,3)="old","Initial",B404&"-"&C404) -> Initial | F404: =F338 -> 309968.78 | G404: =G338 -> 6.976701 | H404: =H403 -> 0.0042364185 | I404: =I403 -> 2.04 | J404: =J403 -> 3365376.8 | K404: =K403 -> 0.15 | L404: =Data!BQ8 -> 0.0032163756 | M404: =VLOOKUP(C404,Data!$CB$2:$EB$22,1+VALUE(MID(A404,6,2)),FALSE) -> 0 | Q404: 0 | R404: 0 | S404: 0 | T404: 0
A405: Week_47_old | B405: FiFi | C405: social.display.fifi | E405: =IF(RIGHT(A405,3)="old","Initial",B405&"-"&C405) -> Initial | F405: =F339 -> 454180.53 | G405: =G339 -> 6.0080329 | H405: =H404 -> 0.0042364185 | I405: =I404 -> 2.04 | J405: =J404 -> 3365376.8 | K405: =K404 -> 0.15 | L405: =Data!BQ9 -> 0.0032163756 | M405: =VLOOKUP(C405,Data!$CB$2:$EB$22,1+VALUE(MID(A405,6,2)),FALSE) -> 0 | Q405: 0 | R405: 0 | S405: 0 | T405: 0
A406: Week_48_old | B406: FiFi | C406: social.display.fifi | E406: =IF(RIGHT(A406,3)="old","Initial",B406&"-"&C406) -> Initial | F406: =F340 -> 455011.74 | G406: =G340 -> 6.0449284 | H406: =H405 -> 0.0042364185 | I406: =I405 -> 2.04 | J406: =J405 -> 3365376.8 | K406: =K405 -> 0.15 | L406: =Data!BQ10 -> 0.0032163756 | M406: =VLOOKUP(C406,Data!$CB$2:$EB$22,1+VALUE(MID(A406,6,2)),FALSE) -> 0 | Q406: 0 | R406: 0 | S406: 0 | T406: 0
A407: Week_49_old | B407: FiFi | C407: social.display.fifi | E407: =IF(RIGHT(A407,3)="old","Initial",B407&"-"&C407) -> Initial | F407: =F341 -> 290055.89 | G407: =G341 -> 7.3475859 | H407: =H406 -> 0.0042364185 | I407: =I406 -> 2.04 | J407: =J406 -> 3365376.8 | K407: =K406 -> 0.15 | L407: =Data!BQ11 -> 0.0032163756 | M407: =VLOOKUP(C407,Data!$CB$2:$EB$22,1+VALUE(MID(A407,6,2)),FALSE) -> 0 | Q407: 0 | R407: 0 | S407: 0 | T407: 0
A408: Week_50_old | B408: FiFi | C408: social.display.fifi | E408: =IF(RIGHT(A408,3)="old","Initial",B408&"-"&C408) -> Initial | F408: =F342 -> 348451.97 | G408: =G342 -> 6.6816215 | H408: =H407 -> 0.0042364185 | I408: =I407 -> 2.04 | J408: =J407 -> 3365376.8 | K408: =K407 -> 0.15 | L408: =Data!BQ12 -> 0.0028107066 | M408: =VLOOKUP(C408,Data!$CB$2:$EB$22,1+VALUE(MID(A408,6,2)),FALSE) -> 0 | Q408: 0 | R408: 0 | S408: 0 | T408: 0
A409: Week_51_old | B409: FiFi | C409: social.display.fifi | E409: =IF(RIGHT(A409,3)="old","Initial",B409&"-"&C409) -> Initial | F409: =F343 -> 427408.08 | G409: =G343 -> 6.1680815 | H409: =H408 -> 0.0042364185 | I409: =I408 -> 2.04 | J409: =J408 -> 3365376.8 | K409: =K408 -> 0.15 | L409: =Data!BQ13 -> 0.0028107066 | M409: =VLOOKUP(C409,Data!$CB$2:$EB$22,1+VALUE(MID(A409,6,2)),FALSE) -> 0 | Q409: 0 | R409: 0 | S409: 0 | T409: 0
A410: Week_52_old | B410: FiFi | C410: social.display.fifi | E410: =IF(RIGHT(A410,3)="old","Initial",B410&"-"&C410) -> Initial | F410: =F344 -> 330189.5 | G410: =G344 -> 6.4579352 | H410: =H409 -> 0.0042364185 | I410: =I409 -> 2.04 | J410: =J409 -> 3365376.8 | K410: =K409 -> 0.15 | L410: =Data!BQ14 -> 0.0028107066 | M410: =VLOOKUP(C410,Data!$CB$2:$EB$22,1+VALUE(MID(A410,6,2)),FALSE) -> 0 | Q410: 0 | R410: 0 | S410: 0 | T410: 0
... A462: Week_52 | B462: FiFi | C462: social.display.fifi | E462: =IF(RIGHT(A462,3)="old","Initial",B462&"-"&C462) -> FiFi-social.display.fifi | F462: =F396 -> 330189.5 | G462: =G396 -> 6.4579352 | H462: =H461 -> 0.0042364185 | I462: =I461 -> 2.04 | J462: =J461 -> 3365376.8 | K462: =K461 -> 0.15 | L462: =Data!BQ66 -> 0.0028107066 | M462: =VLOOKUP(C462,Data!$CB$2:$EB$22,1+VALUE(MID(A462,6,2)),FALSE) -> 0 | Q462: 0 | R462: 1.1524837e-09 | S462: 1.5183036e-08 | T462: 8.2389651e-13
A464: Week_40_old | B464: FiFi | C464: social.video.fifi | E464: =IF(RIGHT(A464,3)="old","Initial",B464&"-"&C464) -> Initial | F464: =F398 -> 393432.47 | G464: =G398 -> 6.2941961 | H464: =VLOOKUP(C464,parms,3,FALSE) -> 0.0084730704 | I464: =VLOOKUP(C464,parms,8,FALSE) -> 2.04 | J464: =VLOOKUP(C464,parms,4,FALSE) -> 5329890.8 | K464: =VLOOKUP(C464,parms,6,FALSE) -> 0.15 | L464: =Data!BR2 -> 0.004049673 | M464: =VLOOKUP(C464,Data!$CB$2:$EB$22,1+VALUE(MID(A464,6,2)),FALSE) -> 10858.38 | Q464: 10858.38 | R464: 1317.8558 | S464: 6063.0999 | T464: 0.39532738
...

Sheet Opt_partial
A1: Period | B1: Product | C1: Media | D1: Halo | E1: Group | F1: VolumeBase | G1: Price | H1: UpliftMax | I1: UpliftFactor | J1: UnitSlope | K1: Carryover | L1: CostPerUnit | M1: SpendFixed | N1: SpendMin | O1: SpendMax | P1: SpendThreshold | Q1: SpendOpt | R1: VolumeOpt | S1: ContribOpt | T1: SaturationOpt
A2: Week_40_old | B2: FiFi | C2: tv.fifi | E2: =IF(RIGHT(A2,3)="old","Initial",B2&"-"&C2) -> Initial | F2: =Data!AN2 -> 393432.47 | G2: =Data!AP2 -> 6.2941961 | H2: =VLOOKUP(C2,parms,3,FALSE) -> 0.030461531 | I2: =VLOOKUP(C2,parms,8,FALSE) -> 3.15 | J2: =VLOOKUP(C2,parms,4,FALSE) -> 63.027153 | K2: =VLOOKUP(C2,parms,6,FALSE) -> 0.65 | L2: =Data!BL2 -> 1830.2632 | M2: =VLOOKUP(C2,Data!$CB$2:$EB$22,1+VALUE(MID(A2,6,2)),FALSE) -> 3043.56 | P2: 3500 | Q2: 3043.56 | R2: 312.06563 | S2: 3143.6771 | T2: 0.026038982
A3: Week_41_old | B3: FiFi | C3: tv.fifi | E3: =IF(RIGHT(A3,3)="old","Initial",B3&"-"&C3) -> Initial | F3: =Data!AN3 -> 228081.02 | G3: =Data!AP3 -> 7.9971815 | H3: =H2 -> 0.030461531 | I3: =I2 -> 3.15 | J3: =J2 -> 63.027153 | K3: =K2 -> 0.65 | L3: =Data!BL3 -> 1725.3904 | M3: =VLOOKUP(C3,Data!$CB$2:$EB$22,1+VALUE(MID(A3,6,2)),FALSE) -> 14599.11 | P3: =P2 -> 3500 | Q3: 14599.11 | R3: 976.11696 | S3: 9990.371 | T3: 0.14049504
A4: Week_42_old | B4: FiFi | C4: tv.fifi | E4: =IF(RIGHT(A4,3)="old","Initial",B4&"-"&C4) -> Initial | F4: =Data!AN4 -> 317634.99 | G4: =Data!AP4 -> 6.7548153 | H4: =H3 -> 0.030461531 | I4: =I3 -> 3.15 | J4: =J3 -> 63.027153 | K4: =K3 -> 0.65 | L4: =Data!BL4 -> 1946.9834 | M4: =VLOOKUP(C4,Data!$CB$2:$EB$22,1+VALUE(MID(A4,6,2)),FALSE) -> 396.47 | P4: =P3 -> 3500 | Q4: 396.47 | R4: 935.10609 | S4: 19500.407 | T4: 0.096645317
A5: Week_43_old | B5: FiFi | C5: tv.fifi | E5: =IF(RIGHT(A5,3)="old","Initial",B5&"-"&C5) -> Initial | F5: =Data!AN5 -> 322486.62 | G5: =Data!AP5 -> 6.9739034 | H5: =H4 -> 0.030461531 | I5: =I4 -> 3.15 | J5: =J4 -> 63.027153 | K5: =K4 -> 0.65 | L5: =Data!BL5 -> 1944.8608 | M5: =VLOOKUP(C5,Data!$CB$2:$EB$22,1+VALUE(MID(A5,6,2)),FALSE) -> 44909.79 | P5: =P4 -> 3500 | Q5: 44909.79 | R5: 3448.7758 | S5: 30852.212 | T5: 0.35107631
A6: Week_44_old | B6: FiFi | C6: tv.fifi | E6: =IF(RIGHT(A6,3)="old","Initial",B6&"-"&C6) -> Initial | F6: =Data!AN6 -> 401386.28 | G6: =Data!AP6 -> 6.2238891 | H6: =H5 -> 0.030461531 | I6: =I5 -> 3.15 | J6: =J5 -> 63.027153 | K6: =K5 -> 0.65 | L6: =Data!BL6 -> 2085.2621 | M6: =VLOOKUP(C6,Data!$CB$2:$EB$22,1+VALUE(MID(A6,6,2)),FALSE) -> 1534.66 | P6: =P5 -> 3500 | Q6: 1534.66 | R6: 3103.1839 | S6: 59304.038 | T6: 0.25380095
A7: Week_45_old | B7: FiFi | C7: tv.fifi | E7: =IF(RIGHT(A7,3)="old","Initial",B7&"-"&C7) -> Initial | F7: =Data!AN7 -> 309588.9 | G7: =Data!AP7 -> 6.9990429 | H7: =H6 -> 0.030461531 | I7: =I6 -> 3.15 | J7: =J6 -> 63.027153 | K7: =K6 -> 0.65 | L7: =Data!BL7 -> 1650.6524 | M7: =VLOOKUP(C7,Data!$CB$2:$EB$22,1+VALUE(MID(A7,6,2)),FALSE) -> 51717.14 | P7: =P6 -> 3500 | Q7: 51717.14 | R7: 4688.1192 | S7: 51641.754 | T7: 0.49712034
A8: Week_46_old | B8: FiFi | C8: tv.fifi | E8: =IF(RIGHT(A8,3)="old","Initial",B8&"-"&C8) -> Initial | F8: =Data!AN8 -> 309968.78 | G8: =Data!AP8 -> 6.976701 | H8: =H7 -> 0.030461531 | I8: =I7 -> 3.15 | J8: =J7 -> 63.027153 | K8: =K7 -> 0.65 | L8: =Data!BL8 -> 1731.9975 | M8: =VLOOKUP(C8,Data!$CB$2:$EB$22,1+VALUE(MID(A8,6,2)),FALSE) -> 1858.89 | P8: =P7 -> 3500 | Q8: 1858.89 | R8: 3504.319 | S8: 75154.156 | T8: 0.37113674
A9: Week_47_old | B9: FiFi | C9: tv.fifi | E9: =IF(RIGHT(A9,3)="old","Initial",B9&"-"&C9) -> Initial | F9: =Data!AN9 -> 454180.53 | G9: =Data!AP9 -> 6.0080329 | H9: =H8 -> 0.030461531 | I9: =I8 -> 3.15 | J9: =J8 -> 63.027153 | K9: =K8 -> 0.65 | L9: =Data!BL9 -> 2385.2246 | M9: =VLOOKUP(C9,Data!$CB$2:$EB$22,1+VALUE(MID(A9,6,2)),FALSE) -> 0 | P9: =P8 -> 3500 | Q9: 0 | R9: 3601.1199 | S9: 68152.287 | T9: 0.26028991
A10: Week_48_old | B10: FiFi | C10: tv.fifi | E10: =IF(RIGHT(A10,3)="old","Initial",B10&"-"&C10) -> Initial | F10: =Data!AN10 -> 455011.74 | G10: =Data!AP10 -> 6.0449284 | H10: =H9 -> 0.030461531 | I10: =I9 -> 3.15 | J10: =J9 -> 63.027153 | K10: =K9 -> 0.65 | L10: =Data!BL10 -> 2385.2246 | M10: =VLOOKUP(C10,Data!$CB$2:$EB$22,1+VALUE(MID(A10,6,2)),FALSE) -> 0 | P10: =P9 -> 3500 | Q10: 0 | R10: 2466.666 | S10: 46969.081 | T10: 0.17796558
A11: Week_49_old | B11: FiFi | C11: tv.fifi | E11: =IF(RIGHT(A11,3)="old","Initial",B11&"-"&C11) -> Initial | F11: =Data!AN11 -> 290055.89 | G11: =Data!AP11 -> 7.3475859 | H11: =H10 -> 0.030461531 | I11: =I10 -> 3.15 | J11: =J10 -> 63.027153 | K11: =K10 -> 0.65 | L11: =Data!BL11 -> 2385.2246 | M11: =VLOOKUP(C11,Data!$CB$2:$EB$22,1+VALUE(MID(A11,6,2)),FALSE) -> 0 | P11: =P10 -> 3500 | Q11: 0 | R11: 1056.7588 | S11: 24458.573 | T11: 0.11960311
A12: Week_50_old | B12: FiFi | C12: tv.fifi | E12: =IF(RIGHT(A12,3)="old","Initial",B12&"-"&C12) -> Initial | F12: =Data!AN12 -> 348451.97 | G12: =Data!AP12 -> 6.6816215 | H12: =H11 -> 0.030461531 | I12: =I11 -> 3.15 | J12: =J11 -> 63.027153 | K12: =K11 -> 0.65 | L12: =Data!BL12 -> 2011.4208 | M12: =VLOOKUP(C12,Data!$CB$2:$EB$22,1+VALUE(MID(A12,6,2)),FALSE) -> 0 | P12: =P11 -> 3500 | Q12: 0 | R12: 843.45555 | S12: 17752.3 | T12: 0.079463472
A13: Week_51_old | B13: FiFi | C13: tv.fifi | E13: =IF(RIGHT(A13,3)="old","Initial",B13&"-"&C13) -> Initial | F13: =Data!AN13 -> 427408.08 | G13: =Data!AP13 -> 6.1680815 | H13: =H12 -> 0.030461531 | I13: =I12 -> 3.15 | J13: =J12 -> 63.027153 | K13: =K12 -> 0.65 | L13: =Data!BL13 -> 2011.4208 | M13: =VLOOKUP(C13,Data!$CB$2:$EB$22,1+VALUE(MID(A13,6,2)),FALSE) -> 0 | P13: =P12 -> 3500 | Q13: 0 | R13: 682.17617 | S13: 13254.312 | T13: 0.052396476
A14: Week_52_old | B14: FiFi | C14: tv.fifi | E14: =IF(RIGHT(A14,3)="old","Initial",B14&"-"&C14) -> Initial | F14: =Data!AN14 -> 330189.5 | G14: =Data!AP14 -> 6.4579352 | H14: =H13 -> 0.030461531 | I14: =I13 -> 3.15 | J14: =J13 -> 63.027153 | K14: =K13 -> 0.65 | L14: =Data!BL14 -> 2011.4208 | M14: =VLOOKUP(C14,Data!$CB$2:$EB$22,1+VALUE(MID(A14,6,2)),FALSE) -> 0 | P14: =P13 -> 3500 | Q14: 0 | R14: 345.77253 | S14: 7033.8764 | T14: 0.034377596
A15: Week_01 | B15: FiFi | C15: tv.fifi | E15: =IF(RIGHT(A15,3)="old","Initial",B15&"-"&C15) -> FiFi-tv.fifi | F15: =Data!AN15 -> 340832.86 | G15: =Data!AP15 -> 6.8003507 | H15: =H14 -> 0.030461531 | I15: =I14 -> 3.15 | J15: =J14 -> 63.027153 | K15: =K14 -> 0.65 | L15: =Data!BL15 -> 2011.4208 | P15: =P14 -> 3500 | Q15: 51381.981 | R15: 3615.279 | S15: 26061.29 | T15: 0.34821593
A16: Week_02 | B16: FiFi | C16: tv.fifi | E16: =IF(RIGHT(A16,3)="old","Initial",B16&"-"&C16) -> FiFi-tv.fifi | F16: =Data!AN16 -> 439217.37 | G16: =Data!AP16 -> 6.2729203 | H16: =H15 -> 0.030461531 | I16: =I15 -> 3.15 | J16: =J15 -> 63.027153 | K16: =K15 -> 0.65 | L16: =Data!BL16 -> 1316.369 | P16: =P15 -> 3500 | Q16: 64549.81 | R16: 8726.4834 | S16: 107882.88 | T16: 0.6522409
A17: Week_03 | B17: FiFi | C17: tv.fifi | E17: =IF(RIGHT(A17,3)="old","Initial",B17&"-"&C17) -> FiFi-tv.fifi | F17: =Data!AN17 -> 392882.01 | G17: =Data!AP17 -> 6.5115708 | H17: =H16 -> 0.030461531 | I17: =I16 -> 3.15 | J17: =J16 -> 63.027153 | K17: =K16 -> 0.65 | L17: =Data!BL17 -> 1613.3688 | P17: =P16 -> 3500 | Q17: 5603.1556 | R17: 6267.2714 | S17: 122947.66 | T17: 0.52367836
A18: Week_04 | B18: FiFi | C18: tv.fifi | E18: =IF(RIGHT(A18,3)="old","Initial",B18&"-"&C18) -> FiFi-tv.fifi | F18: =Data!AN18 -> 287120.72 | G18: =Data!AP18 -> 7.4241409 | H18: =H17 -> 0.030461531 | I18: =I17 -> 3.15 | J18: =J17 -> 63.027153 | K18: =K17 -> 0.65 | L18: =Data!BL18 -> 1235.0682 | P18: =P17 -> 3500 | Q18: 27011.817 | R18: 4928.8983 | S18: 88255.613 | T18: 0.56355146
A19: Week_05 | B19: FiFi | C19: tv.fifi | E19: =IF(RIGHT(A19,3)="old","Initial",B19&"-"&C19) -> FiFi-tv.fifi | F19: =Data!AN19 -> 319043.21 | G19: =Data!AP19 -> 7.2881301 | H19: =H18 -> 0.030461531 | I19: =I18 -> 3.15 | J19: =J18 -> 63.027153 | K19: =K18 -> 0.65 | L19: =Data!BL19 -> 1600.0804 | P19: =P18 -> 3500 | Q19: 12427.619 | R19: 4706.2182 | S19: 95615.902 | T19: 0.48425132
A20: Week_06 | B20: FiFi | C20: tv.fifi | E20: =IF(RIGHT(A20,3)="old","Initial",B20&"-"&C20) -> FiFi-tv.fifi | F20: =Data!AN20 -> 242439.85 | G20: =Data!AP20 -> 8.3972136 | H20: =H19 -> 0.030461531 | I20: =I19 -> 3.15 | J20: =J19 -> 63.027153 | K20: =K19 -> 0.65 | L20: =Data!BL20 -> 1560.3789 | P20: =P19 -> 3500 | Q20: 13523.839 | R20: 3199.8566 | S20: 71116.282 | T20: 0.43328612
A21: Week_07 | B21: FiFi | C21: tv.fifi | E21: =IF(RIGHT(A21,3)="old","Initial",B21&"-"&C21) -> FiFi-tv.fifi | F21: =Data!AN21 -> 452969.13 | G21: =Data!AP21 -> 6.5182322 | H21: =H20 -> 0.030461531 | I21: =I20 -> 3.15 | J21: =J20 -> 63.027153 | K21: =K20 -> 0.65 | L21: =Data!BL21 -> 1755.0705 | P21: =P20 -> 3500 | Q21: 43867.215 | R21: 7381.9099 | S21: 107701.34 | T21: 0.53499336
A22: Week_08 | B22: FiFi | C22: tv.fifi | E22: =IF(RIGHT(A22,3)="old","Initial",B22&"-"&C22) -> FiFi-tv.fifi | F22: =Data!AN22 -> 374829.34 | G22: =Data!AP22 -> 7.0414807 | H22: =H21 -> 0.030461531 | I22: =I21 -> 3.15 | J22: =J21 -> 63.027153 | K22: =K21 -> 0.65 | L22: =Data!BL22 -> 1419.9591 | P22: =P21 -> 3500 | Q22: 36202.453 | R22: 6786.0182 | S22: 114315.94 | T22: 0.59433282
A23: Week_09 | B23: FiFi | C23: tv.fifi | E23: =IF(RIGHT(A23,3)="old","Initial",B23&"-"&C23) -> FiFi-tv.fifi | F23: =Data!AN23 -> 369195.69 | G23: =Data!AP23 -> 6.974184 | H23: =H22 -> 0.030461531 | I23: =I22 -> 3.15 | J23: =J22 -> 63.027153 | K23: =K22 -> 0.65 | L23: =Data!BL23 -> 1825.6779 | P23: =P22 -> 3500 | Q23: 3900.5692 | R23: 5198.4721 | S23: 110303 | T23: 0.46223982
A24: Week_10 | B24: FiFi | C24: tv.fifi | E24: =IF(RIGHT(A24,3)="old","Initial",B24&"-"&C24) -> FiFi-tv.fifi | F24: =Data!AN24 -> 327686.09 | G24: =Data!AP24 -> 7.4058431 | H24: =H23 -> 0.030461531 | I24: =I23 -> 3.15 | J24: =J23 -> 63.027153 | K24: =K23 -> 0.65 | L24: =Data!BL24 -> 1504.6108 | P24: =P23 -> 3500 | Q24: 35273.767 | R24: 5384.0126 | S24: 90326.664 | T24: 0.53938185
A25: Week_11 | B25: FiFi | C25: tv.fifi | E25: =IF(RIGHT(A25,3)="old","Initial",B25&"-"&C25) -> FiFi-tv.fifi | F25: =Data!AN25 -> 447161.26 | G25: =Data!AP25 -> 6.5316917 | H25: =H24 -> 0.030461531 | I25: =I24 -> 3.15 | J25: =J24 -> 63.027153 | K25: =K24 -> 0.65 | L25: =Data!BL25 -> 1970.6821 | P25: =P24 -> 3500 | Q25: 18293.612 | R25: 6518.5243 | S25: 115823.91 | T25: 0.47855668
A26: Week_12 | B26: FiFi | C26: tv.fifi | E26: =IF(RIGHT(A26,3)="old","Initial",B26&"-"&C26) -> FiFi-tv.fifi | F26: =Data!AN26 -> 382858.71 | G26: =Data!AP26 -> 6.8320566 | H26: =H25 -> 0.030461531 | I26: =I25 -> 3.15 | J26: =J25 -> 63.027153 | K26: =K25 -> 0.65 | L26: =Data!BL26 -> 1732.3697 | P26: =P25 -> 3500 | Q26: 27401.619 | R26: 5719.7672 | S26: 95693.366 | T26: 0.49044248
... A66: Week_52 | B66: FiFi | C66: tv.fifi | E66: =IF(RIGHT(A66,3)="old","Initial",B66&"-"&C66) -> FiFi-tv.fifi | F66: =Data!AN66 -> 330189.5 | G66: =Data!AP66 -> 6.4579352 | H66: =H65 -> 0.030461531 | I66: =I65 -> 3.15 | J66: =J65 -> 63.027153 | K66: =K65 -> 0.65 | L66: =Data!BL66 -> 2011.4208 | P66: =P65 -> 3500 | Q66: 0 | R66: 2904.5549 | S66: 59085.897 | T66: 0.28877833
A68: Week_40_old | B68: FiFi | C68: tv.fifi | D68: =A68&"-generic-cofi" -> Week_40_old-generic-cofi | E68: =IF(RIGHT(A68,3)="old","Initial",B68&"-"&C68) -> Initial | H68: =SUMIFS(Data!N$2:N$48,Data!$L$2:$L$48,$C68,Data!$M$2:$M$48,RIGHT($D68,4)) -> 0.0041802592 | I68: =VLOOKUP(C68,parms,8,FALSE) -> 3.15 | J68: =SUMIFS(Data!O$2:O$48,Data!$L$2:$L$48,$C68,Data!$M$2:$M$48,RIGHT($D68,4)) -> 84.453237 | K68: =SUMIFS(Data!Q$2:Q$48,Data!$L$2:$L$48,$C68,Data!$M$2:$M$48,RIGHT($D68,4)) -> 0.65 | L68: =Data!BL2 -> 1830.2632 | Q68: 0 | R68: 8.2454943 | S68: 184.49269 | T68: 0.019497698
A69: Week_41_old | B69: FiFi | C69: tv.fifi | D69: =A69&"-generic-cofi" -> Week_41_old-generic-cofi | E69: =IF(RIGHT(A69,3)="old","Initial",B69&"-"&C69) -> Initial | H69: =H68 -> 0.0041802592 | I69: =I68 -> 3.15 | J69: =J68 -> 84.453237 | K69: =K68 -> 0.65 | L69: =Data!BL3 -> 1725.3904 | Q69: 0 | R69: 65.774375 | S69: 1286.9031 | T69: 0.10683889
A70: Week_42_old | B70: FiFi | C70: tv.fifi | D70: =A70&"-generic-cofi" -> Week_42_old-generic-cofi | E70: =IF(RIGHT(A70,3)="old","Initial",B70&"-"&C70) -> Initial | H70: =H69 -> 0.0041802592 | I70: =I69 -> 3.15 | J70: =J69 -> 84.453237 | K70: =K69 -> 0.65 | L70: =Data!BL4 -> 1946.9834 | Q70: 0 | R70: 42.75948 | S70: 860.39271 | T70: 0.073048086
A71: Week_43_old | B71: FiFi | C71: tv.fifi | D71: =A71&"-generic-cofi" -> Week_43_old-generic-cofi | E71: =IF(RIGHT(A71,3)="old","Initial",B71&"-"&C71) -> Initial | H71: =H70 -> 0.0041802592 | I71: =I70 -> 3.15 | J71: =J70 -> 84.453237 | K71: =K70 -> 0.65 | L71: =Data!BL5 -> 1944.8608 | Q71: 0 | R71: 120.30841 | S71: 2693.1984 | T71: 0.2758296
A72: Week_44_old | B72: FiFi | C72: tv.fifi | D72: =A72&"-generic-cofi" -> Week_44_old-generic-cofi | E72: =IF(RIGHT(A72,3)="old","Initial",B72&"-"&C72) -> Initial | H72: =H71 -> 0.0041802592 | I72: =I71 -> 3.15 | J72: =J71 -> 84.453237 | K72: =K71 -> 0.65 | L72: =Data!BL6 -> 2085.2621 | Q72: 0 | R72: 85.467946 | S72: 1951.6767 | T72: 0.19626681
A73: Week_45_old | B73: FiFi | C73: tv.fifi | D73: =A73&"-generic-cofi" -> Week_45_old-generic-cofi | E73: =IF(RIGHT(A73,3)="old","Initial",B73&"-"&C73) -> Initial | H73: =H72 -> 0.0041802592 | I73: =I72 -> 3.15 | J73: =J72 -> 84.453237 | K73: =K72 -> 0.65 | L73: =Data!BL7 -> 1650.6524 | Q73: 0 | R73: 280.27004 | S73: 5394.339 | T73: 0.40130768
A74: Week_46_old | B74: FiFi | C74: tv.fifi | D74: =A74&"-generic-cofi" -> Week_46_old-generic-cofi | E74: =IF(RIGHT(A74,3)="old","Initial",B74&"-"&C74) -> Initial | H74: =H73 -> 0.0041802592 | I74: =I73 -> 3.15 | J74: =J73 -> 84.453237 | K74: =K73 -> 0.65 | L74: =Data!BL8 -> 1731.9975 | Q74: 0 | R74: 164.71447 | S74: 3466.94 | T74: 0.29260299
A75: Week_47_old | B75: FiFi | C75: tv.fifi | D75: =A75&"-generic-cofi" -> Week_47_old-generic-cofi | E75: =IF(RIGHT(A75,3)="old","Initial",B75&"-"&C75) -> Initial | H75: =H74 -> 0.0041802592 | I75: =I74 -> 3.15 | J75: =J74 -> 84.453237 | K75: =K74 -> 0.65 | L75: =Data!BL9 -> 2385.2246 | Q75: 0 | R75: 103.35035 | S75: 2204.5517 | T75: 0.20148865
A76: Week_48_old | B76: FiFi | C76: tv.fifi | D76: =A76&"-generic-cofi" -> Week_48_old-generic-cofi | E76: =IF(RIGHT(A76,3)="old","Initial",B76&"-"&C76) -> Initial | H76: =H75 -> 0.0041802592 | I76: =I75 -> 3.15 | J76: =J75 -> 84.453237 | K76: =K75 -> 0.65 | L76: =Data!BL10 -> 2385.2246 | Q76: 0 | R76: 59.139061 | S76: 1333.4791 | T76: 0.13606173
A77: Week_49_old | B77: FiFi | C77: tv.fifi | D77: =A77&"-generic-cofi" -> Week_49_old-generic-cofi | E77: =IF(RIGHT(A77,3)="old","Initial",B77&"-"&C77) -> Initial | H77: =H76 -> 0.0041802592 | I77: =I76 -> 3.15 | J77: =J76 -> 84.453237 | K77: =K76 -> 0.65 | L77: =Data!BL11 -> 2385.2246 | Q77: 0 | R77: 42.377995 | S77: 932.22778 | T77: 0.090686243
A78: Week_50_old | B78: FiFi | C78: tv.fifi | D78: =A78&"-generic-cofi" -> Week_50_old-generic-cofi | E78: =IF(RIGHT(A78,3)="old","Initial",B78&"-"&C78) -> Initial | H78: =H77 -> 0.0041802592 | I78: =I77 -> 3.15 | J78: =J77 -> 84.453237 | K78: =K77 -> 0.65 | L78: =Data!BL12 -> 2011.4208 | Q78: 0 | R78: 42.454711 | S78: 818.99333 | T78: 0.059921879
A79: Week_51_old | B79: FiFi | C79: tv.fifi | D79: =A79&"-generic-cofi" -> Week_51_old-generic-cofi | E79: =IF(RIGHT(A79,3)="old","Initial",B79&"-"&C79) -> Initial | H79: =H78 -> 0.0041802592 | I79: =I78 -> 3.15 | J79: =J78 -> 84.453237 | K79: =K78 -> 0.65 | L79: =Data!BL13 -> 2011.4208 | Q79: 0 | R79: 17.113116 | S79: 386.42048 | T79: 0.039369073
A80: Week_52_old | B80: FiFi | C80: tv.fifi | D80: =A80&"-generic-cofi" -> Week_52_old-generic-cofi | E80: =IF(RIGHT(A80,3)="old","Initial",B80&"-"&C80) -> Initial | H80: =H79 -> 0.0041802592 | I80: =I79 -> 3.15 | J80: =J79 -> 84.453237 | K80: =K79 -> 0.65 | L80: =Data!BL14 -> 2011.4208 | Q80: 0 | R80: 11.048636 | S80: 228.58035 | T80: 0.025769399
... A132: Week_52 | B132: FiFi | C132: tv.fifi | D132: =A132&"-generic-cofi" -> Week_52-generic-cofi | E132: =IF(RIGHT(A132,3)="old","Initial",B132&"-"&C132) -> FiFi-tv.fifi | H132: =H131 -> 0.0041802592 | I132: =I131 -> 3.15 | J132: =J131 -> 84.453237 | K132: =K131 -> 0.65 | L132: =Data!BL66 -> 2011.4208 | Q132: 0 | R132: 96.277368 | S132: 1991.8399 | T132: 0.2245535
A134: Week_40_old | B134: FiFi | C134: tv.fifi | D134: =A134&"-generic-refi" -> Week_40_old-generic-refi | E134: =IF(RIGHT(A134,3)="old","Initial",B134&"-"&C134) -> Initial | H134: =SUMIFS(Data!N$2:N$48,Data!$L$2:$L$48,$C134,Data!$M$2:$M$48,RIGHT($D134,4)) -> 0.0057091598 | I134: =VLOOKUP(C134,parms,8,FALSE) -> 3.15 | J134: =SUMIFS(Data!O$2:O$48,Data!$L$2:$L$48,$C134,Data!$M$2:$M$48,RIGHT($D134,4)) -> 108.8223 | K134: =SUMIFS(Data!Q$2:Q$48,Data!$L$2:$L$48,$C134,Data!$M$2:$M$48,RIGHT($D134,4)) -> 0.65 | L134: =Data!BL2 -> 1830.2632 | Q134: 0 | R134: 13.782773 | S134: 215.58663 | T134: 0.01516479
A135: Week_41_old | B135: FiFi | C135: tv.fifi | D135: =A135&"-generic-refi" -> Week_41_old-generic-refi | E135: =IF(RIGHT(A135,3)="old","Initial",B135&"-"&C135) -> Initial | H135: =H134 -> 0.0057091598 | I135: =I134 -> 3.15 | J135: =J134 -> 108.8223 | K135: =K134 -> 0.65 | L135: =Data!BL3 -> 1725.3904 | Q135: 0 | R135: 137.56529 | S135: 1726.9818 | T135: 0.083951827
A136: Week_42_old | B136: FiFi | C136: tv.fifi | D136: =A136&"-generic-refi" -> Week_42_old-generic-refi | E136: =IF(RIGHT(A136,3)="old","Initial",B136&"-"&C136) -> Initial | H136: =H135 -> 0.0057091598 | I136: =I135 -> 3.15 | J136: =J135 -> 108.8223 | K136: =K135 -> 0.65 | L136: =Data!BL4 -> 1946.9834 | Q136: 0 | R136: 83.458426 | S136: 1107.41 | T136: 0.057168176
A137: Week_43_old | B137: FiFi | C137: tv.fifi | D137: =A137&"-generic-refi" -> Week_43_old-generic-refi | E137: =IF(RIGHT(A137,3)="old","Initial",B137&"-"&C137) -> Initial | H137: =H136 -> 0.0057091598 | I137: =I136 -> 3.15 | J137: =J136 -> 108.8223 | K137: =K136 -> 0.65 | L137: =Data!BL5 -> 1944.8608 | Q137: 0 | R137: 237.37788 | S137: 3488.2975 | T137: 0.22155622
A138: Week_44_old | B138: FiFi | C138: tv.fifi | D138: =A138&"-generic-refi" -> Week_44_old-generic-refi | E138: =IF(RIGHT(A138,3)="old","Initial",B138&"-"&C138) -> Initial | H138: =H137 -> 0.0057091598 | I138: =I137 -> 3.15 | J138: =J137 -> 108.8223 | K138: =K137 -> 0.65 | L138: =Data!BL6 -> 2085.2621 | Q138: 0 | R138: 146.13919 | S138: 2307.1633 | T138: 0.15596468
A139: Week_45_old | B139: FiFi | C139: tv.fifi | D139: =A139&"-generic-refi" -> Week_45_old-generic-refi | E139: =IF(RIGHT(A139,3)="old","Initial",B139&"-"&C139) -> Initial | H139: =H138 -> 0.0057091598 | I139: =I138 -> 3.15 | J139: =J138 -> 108.8223 | K139: =K138 -> 0.65 | L139: =Data!BL7 -> 1650.6524 | Q139: 0 | R139: 606.75097 | S139: 7471.8428 | T139: 0.32842354
A140: Week_46_old | B140: FiFi | C140: tv.fifi | D140: =A140&"-generic-refi" -> Week_46_old-generic-refi | E140: =IF(RIGHT(A140,3)="old","Initial",B140&"-"&C140) -> Initial | H140: =H139 -> 0.0057091598 | I140: =I139 -> 3.15 | J140: =J139 -> 108.8223 | K140: =K139 -> 0.65 | L140: =Data!BL8 -> 1731.9975 | Q140: 0 | R140: 334.03428 | S140: 4548.8941 | T140: 0.23558569
A141: Week_47_old | B141: FiFi | C141: tv.fifi | D141: =A141&"-generic-refi" -> Week_47_old-generic-refi | E141: =IF(RIGHT(A141,3)="old","Initial",B141&"-"&C141) -> Initial | H141: =H140 -> 0.0057091598 | I141: =I140 -> 3.15 | J141: =J140 -> 108.8223 | K141: =K140 -> 0.65 | L141: =Data!BL9 -> 2385.2246 | Q141: 0 | R141: 226.7925 | S141: 3099.2328 | T141: 0.16022348
A142: Week_48_old | B142: FiFi | C142: tv.fifi | D142: =A142&"-generic-refi" -> Week_48_old-generic-refi | E142: =IF(RIGHT(A142,3)="old","Initial",B142&"-"&C142) -> Initial | H142: =H141 -> 0.0057091598 | I142: =I141 -> 3.15 | J142: =J141 -> 108.8223 | K142: =K141 -> 0.65 | L142: =Data!BL10 -> 2385.2246 | Q142: 0 | R142: 92.952266 | S142: 1510.2908 | T142: 0.10729818
A143: Week_49_old | B143: FiFi | C143: tv.fifi | D143: =A143&"-generic-refi" -> Week_49_old-generic-refi | E143: =IF(RIGHT(A143,3)="old","Initial",B143&"-"&C143) -> Initial | H143: =H142 -> 0.0057091598 | I143: =I142 -> 3.15 | J143: =J142 -> 108.8223 | K143: =K142 -> 0.65 | L143: =Data!BL11 -> 2385.2246 | Q143: 0 | R143: 80.419422 | S143: 1165.272 | T143: 0.071120937
A144: Week_50_old | B144: FiFi | C144: tv.fifi | D144: =A144&"-generic-refi" -> Week_50_old-generic-refi | E144: =IF(RIGHT(A144,3)="old","Initial",B144&"-"&C144) -> Initial | H144: =H143 -> 0.0057091598 | I144: =I143 -> 3.15 | J144: =J143 -> 108.8223 | K144: =K143 -> 0.65 | L144: =Data!BL12 -> 2011.4208 | Q144: 0 | R144: 73.777784 | S144: 956.02514 | T144: 0.0468232
A145: Week_51_old | B145: FiFi | C145: tv.fifi | D145: =A145&"-generic-refi" -> Week_51_old-generic-refi | E145: =IF(RIGHT(A145,3)="old","Initial",B145&"-"&C145) -> Initial | H145: =H144 -> 0.0057091598 | I145: =I144 -> 3.15 | J145: =J144 -> 108.8223 | K145: =K144 -> 0.65 | L145: =Data!BL13 -> 2011.4208 | Q145: 0 | R145: 45.60383 | S145: 613.10973 | T145: 0.030689871
A146: Week_52_old | B146: FiFi | C146: tv.fifi | D146: =A146&"-generic-refi" -> Week_52_old-generic-refi | E146: =IF(RIGHT(A146,3)="old","Initial",B146&"-"&C146) -> Initial | H146: =H145 -> 0.0057091598 | I146: =I145 -> 3.15 | J146: =J145 -> 108.8223 | K146: =K145 -> 0.65 | L146: =Data!BL14 -> 2011.4208 | Q146: 0 | R146: 20.341429 | S146: 279.35001 | T146: 0.020057061
... A198: Week_52 | B198: FiFi | C198: tv.fifi | D198: =A198&"-generic-refi" -> Week_52-generic-refi | E198: =IF(RIGHT(A198,3)="old","Initial",B198&"-"&C198) -> FiFi-tv.fifi | H198: =H197 -> 0.0057091598 | I198: =I197 -> 3.15 | J198: =J197 -> 108.8223 | K198: =K197 -> 0.65 | L198: =Data!BL66 -> 2011.4208 | Q198: 0 | R198: 181.64936 | S198: 2494.6012 | T198: 0.17910995
A200: Week_40_old | B200: FiFi | C200: vod.fifi | E200: =IF(RIGHT(A200,3)="old","Initial",B200&"-"&C200) -> Initial | F200: =F2 -> 393432.47 | G200: =G2 -> 6.2941961 | H200: =VLOOKUP(C200,parms,3,FALSE) -> 0.0086056725 | I200: =VLOOKUP(C200,parms,8,FALSE) -> 3.39 | J200: =VLOOKUP(C200,parms,4,FALSE) -> 1289612 | K200: =VLOOKUP(C200,parms,6,FALSE) -> 0.3 | L200: =Data!BM2 -> 0.0082011923 | M200: =VLOOKUP(C200,Data!$CB$2:$EB$22,1+VALUE(MID(A200,6,2)),FALSE) -> 58461.9 | Q200: 58461.9 | R200: 3372.2909 | S200: 13493.765 | T200: 0.99602449
A201: Week_41_old | B201: FiFi | C201: vod.fifi | E201: =IF(RIGHT(A201,3)="old","Initial",B201&"-"&C201) -> Initial | F201: =F3 -> 228081.02 | G201: =G3 -> 7.9971815 | H201: =H200 -> 0.0086056725 | I201: =I200 -> 3.39 | J201: =J200 -> 1289612 | K201: =K200 -> 0.3 | L201: =Data!BM3 -> 0.0097059982 | M201: =VLOOKUP(C201,Data!$CB$2:$EB$22,1+VALUE(MID(A201,6,2)),FALSE) -> 61013.154 | Q201: 61013.154 | R201: 1959.9346 | S201: -7878.4559 | T201: 0.99854495
A202: Week_42_old | B202: FiFi | C202: vod.fifi | E202: =IF(RIGHT(A202,3)="old","Initial",B202&"-"&C202) -> Initial | F202: =F4 -> 317634.99 | G202: =G4 -> 6.7548153 | H202: =H201 -> 0.0086056725 | I202: =I201 -> 3.39 | J202: =J201 -> 1289612 | K202: =K201 -> 0.3 | L202: =Data!BM4 -> 0.0097059982 | M202: =VLOOKUP(C202,Data!$CB$2:$EB$22,1+VALUE(MID(A202,6,2)),FALSE) -> 60961.624 | Q202: 60961.624 | R202: 2730.5086 | S202: 1563.8112 | T202: 0.99891928
A203: Week_43_old | B203: FiFi | C203: vod.fifi | E203: =IF(RIGHT(A203,3)="old","Initial",B203&"-"&C203) -> Initial | F203: =F5 -> 322486.62 | G203: =G5 -> 6.9739034 | H203: =H202 -> 0.0086056725 | I203: =I202 -> 3.39 | J203: =J202 -> 1289612 | K203: =K202 -> 0.3 | L203: =Data!BM5 -> 0.0097059982 | M203: =VLOOKUP(C203,Data!$CB$2:$EB$22,1+VALUE(MID(A203,6,2)),FALSE) -> 11255.507 | Q203: 11255.507 | R203: 2629.7073 | S203: 50914.803 | T203: 0.9475691
A204: Week_44_old | B204: FiFi | C204: vod.fifi | E204: =IF(RIGHT(A204,3)="old","Initial",B204&"-"&C204) -> Initial | F204: =F6 -> 401386.28 | G204: =G6 -> 6.2238891 | H204: =H203 -> 0.0086056725 | I204: =I203 -> 3.39 | J204: =J203 -> 1289612 | K204: =K203 -> 0.3 | L204: =Data!BM6 -> 0.0097059982 | M204: =VLOOKUP(C204,Data!$CB$2:$EB$22,1+VALUE(MID(A204,6,2)),FALSE) -> 6016.5491 | Q204: 6016.5491 | R204: 2572.1947 | S204: 48254.146 | T204: 0.74465739
A205: Week_45_old | B205: FiFi | C205: vod.fifi | E205: =IF(RIGHT(A205,3)="old","Initial",B205&"-"&C205) -> Initial | F205: =F7 -> 309588.9 | G205: =G7 -> 6.9990429 | H205: =H204 -> 0.0086056725 | I205: =I204 -> 3.39 | J205: =J204 -> 1289612 | K205: =K204 -> 0.3 | L205: =Data!BM7 -> 0.0083516729 | M205: =VLOOKUP(C205,Data!$CB$2:$EB$22,1+VALUE(MID(A205,6,2)),FALSE) -> 6902.1493 | Q205: 6902.1493 | R205: 1732.2709 | S205: 34199.019 | T205: 0.65019799
A206: Week_46_old | B206: FiFi | C206: vod.fifi | E206: =IF(RIGHT(A206,3)="old","Initial",B206&"-"&C206) -> Initial | F206: =F8 -> 309968.78 | G206: =G8 -> 6.976701 | H206: =H205 -> 0.0086056725 | I206: =I205 -> 3.39 | J206: =J205 -> 1289612 | K206: =K205 -> 0.3 | L206: =Data!BM8 -> 0.0083516729 | M206: =VLOOKUP(C206,Data!$CB$2:$EB$22,1+VALUE(MID(A206,6,2)),FALSE) -> 6370.2565 | Q206: 6370.2565 | R206: 1590.0767 | S206: 31236.674 | T206: 0.59609478
A207: Week_47_old | B207: FiFi | C207: vod.fifi | E207: =IF(RIGHT(A207,3)="old","Initial",B207&"-"&C207) -> Initial | F207: =F9 -> 454180.53 | G207: =G9 -> 6.0080329 | H207: =H206 -> 0.0086056725 | I207: =I206 -> 3.39 | J207: =J206 -> 1289612 | K207: =K206 -> 0.3 | L207: =Data!BM9 -> 0.0083516729 | M207: =VLOOKUP(C207,Data!$CB$2:$EB$22,1+VALUE(MID(A207,6,2)),FALSE) -> 4014.8052 | Q207: 4014.8052 | R207: 1857.3262 | S207: 33813.788 | T207: 0.47519828
A208: Week_48_old | B208: FiFi | C208: vod.fifi | E208: =IF(RIGHT(A208,3)="old","Initial",B208&"-"&C208) -> Initial | F208: =F10 -> 455011.74 | G208: =G10 -> 6.0449284 | H208: =H207 -> 0.0086056725 | I208: =I207 -> 3.39 | J208: =J207 -> 1289612 | K208: =K207 -> 0.3 | L208: =Data!BM10 -> 0.0083516729 | M208: =VLOOKUP(C208,Data!$CB$2:$EB$22,1+VALUE(MID(A208,6,2)),FALSE) -> 906.49024 | Q208: 906.49024 | R208: 949.11833 | S208: 18543.134 | T208: 0.24238902
A209: Week_49_old | B209: FiFi | C209: vod.fifi | E209: =IF(RIGHT(A209,3)="old","Initial",B209&"-"&C209) -> Initial | F209: =F11 -> 290055.89 | G209: =G11 -> 7.3475859 | H209: =H208 -> 0.0086056725 | I209: =I208 -> 3.39 | J209: =J208 -> 1289612 | K209: =K208 -> 0.3 | L209: =Data!BM11 -> 0.0083516729 | M209: =VLOOKUP(C209,Data!$CB$2:$EB$22,1+VALUE(MID(A209,6,2)),FALSE) -> 0 | Q209: 0 | R209: 199.44657 | S209: 4967.8782 | T209: 0.079902443
A210: Week_50_old | B210: FiFi | C210: vod.fifi | E210: =IF(RIGHT(A210,3)="old","Initial",B210&"-"&C210) -> Initial | F210: =F12 -> 348451.97 | G210: =G12 -> 6.6816215 | H210: =H209 -> 0.0086056725 | I210: =I209 -> 3.39 | J210: =J209 -> 1289612 | K210: =K209 -> 0.3 | L210: =Data!BM12 -> 0.0072983087 | M210: =VLOOKUP(C210,Data!$CB$2:$EB$22,1+VALUE(MID(A210,6,2)),FALSE) -> 0 | Q210: 0 | R210: 73.98659 | S210: 1675.8478 | T210: 0.024673188
A211: Week_51_old | B211: FiFi | C211: vod.fifi | E211: =IF(RIGHT(A211,3)="old","Initial",B211&"-"&C211) -> Initial | F211: =F13 -> 427408.08 | G211: =G13 -> 6.1680815 | H211: =H210 -> 0.0086056725 | I211: =I210 -> 3.39 | J211: =J210 -> 1289612 | K211: =K210 -> 0.3 | L211: =Data!BM13 -> 0.0072983087 | M211: =VLOOKUP(C211,Data!$CB$2:$EB$22,1+VALUE(MID(A211,6,2)),FALSE) -> 0 | Q211: 0 | R211: 27.463838 | S211: 574.26327 | T211: 0.0074667857
A212: Week_52_old | B212: FiFi | C212: vod.fifi | E212: =IF(RIGHT(A212,3)="old","Initial",B212&"-"&C212) -> Initial | F212: =F14 -> 330189.5 | G212: =G14 -> 6.4579352 | H212: =H211 -> 0.0086056725 | I212: =I211 -> 3.39 | J212: =J211 -> 1289612 | K212: =K211 -> 0.3 | L212: =Data!BM14 -> 0.0072983087 | M212: =VLOOKUP(C212,Data!$CB$2:$EB$22,1+VALUE(MID(A212,6,2)),FALSE) -> 0 | Q212: 0 | R212: 6.3817726 | S212: 139.71232 | T212: 0.0022459147
A213: Week_01 | B213: FiFi | C213: vod.fifi | E213: =IF(RIGHT(A213,3)="old","Initial",B213&"-"&C213) -> FiFi-vod.fifi | F213: =F15 -> 340832.86 | G213: =G15 -> 6.8003507 | H213: =H212 -> 0.0086056725 | I213: =I212 -> 3.39 | J213: =J212 -> 1289612 | K213: =K212 -> 0.3 | L213: =Data!BM15 -> 0.0072983087 | Q213: 9623.6758 | R213: 1878.7797 | S213: 33688.187 | T213: 0.6405449
A214: Week_02 | B214: FiFi | C214: vod.fifi | E214: =IF(RIGHT(A214,3)="old","Initial",B214&"-"&C214) -> FiFi-vod.fifi | F214: =F16 -> 439217.37 | G214: =G16 -> 6.2729203 | H214: =H213 -> 0.0086056725 | I214: =I213 -> 3.39 | J214: =J213 -> 1289612 | K214: =K213 -> 0.3 | L214: =Data!BM16 -> 0.0069221073 | Q214: 8404.9234 | R214: 2695.1989 | S214: 48909.02 | T214: 0.7130607
A215: Week_03 | B215: FiFi | C215: vod.fifi | E215: =IF(RIGHT(A215,3)="old","Initial",B215&"-"&C215) -> FiFi-vod.fifi | F215: =F17 -> 392882.01 | G215: =G17 -> 6.5115708 | H215: =H214 -> 0.0086056725 | I215: =I214 -> 3.39 | J215: =J214 -> 1289612 | K215: =K214 -> 0.3 | L215: =Data!BM17 -> 0.0069221073 | Q215: 7138.357 | R215: 2336.054 | S215: 44428.224 | T215: 0.69093297
A216: Week_04 | B216: FiFi | C216: vod.fifi | E216: =IF(RIGHT(A216,3)="old","Initial",B216&"-"&C216) -> FiFi-vod.fifi | F216: =F18 -> 287120.72 | G216: =G18 -> 7.4241409 | H216: =H215 -> 0.0086056725 | I216: =I215 -> 3.39 | J216: =J215 -> 1289612 | K216: =K215 -> 0.3 | L216: =Data!BM18 -> 0.0069221073 | Q216: 5708.2319 | R216: 1554.315 | S216: 33410.515 | T216: 0.62905655
A217: Week_05 | B217: FiFi | C217: vod.fifi | E217: =IF(RIGHT(A217,3)="old","Initial",B217&"-"&C217) -> FiFi-vod.fifi | F217: =F19 -> 319043.21 | G217: =G19 -> 7.2881301 | H217: =H216 -> 0.0086056725 | I217: =I216 -> 3.39 | J217: =J216 -> 1289612 | K217: =K216 -> 0.3 | L217: =Data!BM19 -> 0.0069221073 | Q217: 6972.8774 | R217: 1811.9123 | S217: 37793.608 | T217: 0.65993758
A218: Week_06 | B218: FiFi | C218: vod.fifi | E218: =IF(RIGHT(A218,3)="old","Initial",B218&"-"&C218) -> FiFi-vod.fifi | F218: =F20 -> 242439.85 | G218: =G20 -> 8.3972136 | H218: =H217 -> 0.0086056725 | I218: =I217 -> 3.39 | J218: =J217 -> 1289612 | K218: =K217 -> 0.3 | L218: =Data!BM20 -> 0.0071478281 | Q218: 5438.828 | R218: 1249.5789 | S218: 30132.379 | T218: 0.59892835
A219: Week_07 | B219: FiFi | C219: vod.fifi | E219: =IF(RIGHT(A219,3)="old","Initial",B219&"-"&C219) -> FiFi-vod.fifi | F219: =F21 -> 452969.13 | G219: =G21 -> 6.5182322 | H219: =H218 -> 0.0086056725 | I219: =I218 -> 3.39 | J219: =J218 -> 1289612 | K219: =K218 -> 0.3 | L219: =Data!BM21 -> 0.0071478281 | Q219: 9322.0904 | R219: 2820.1062 | S219: 52993.253 | T219: 0.72345587
A220: Week_08 | B220: FiFi | C220: vod.fifi | E220: =IF(RIGHT(A220,3)="old","Initial",B220&"-"&C220) -> FiFi-vod.fifi | F220: =F22 -> 374829.34 | G220: =G22 -> 7.0414807 | H220: =H219 -> 0.0086056725 | I220: =I219 -> 3.39 | J220: =J219 -> 1289612 | K220: =K219 -> 0.3 | L220: =Data!BM22 -> 0.0071478281 | Q220: 7260.3327 | R220: 2227.7666 | S220: 45917.837 | T220: 0.69063933
A221: Week_09 | B221: FiFi | C221: vod.fifi | E221: =IF(RIGHT(A221,3)="old","Initial",B221&"-"&C221) -> FiFi-vod.fifi | F221: =F23 -> 369195.69 | G221: =G23 -> 6.974184 | H221: =H220 -> 0.0086056725 | I221: =I220 -> 3.39 | J221: =J220 -> 1289612 | K221: =K220 -> 0.3 | L221: =Data!BM23 -> 0.0071478281 | Q221: 7342.3185 | R221: 2169.6563 | S221: 43953.746 | T221: 0.68288805
A222: Week_10 | B222: FiFi | C222: vod.fifi | E222: =IF(RIGHT(A222,3)="old","Initial",B222&"-"&C222) -> FiFi-vod.fifi | F222: =F24 -> 327686.09 | G222: =G24 -> 7.4058431 | H222: =H221 -> 0.0086056725 | I222: =I221 -> 3.39 | J222: =J221 -> 1289612 | K222: =K221 -> 0.3 | L222: =Data!BM24 -> 0.0071478281 | Q222: 6864.9016 | R222: 1871.1634 | S222: 40112.167 | T222: 0.66354271
A223: Week_11 | B223: FiFi | C223: vod.fifi | E223: =IF(RIGHT(A223,3)="old","Initial",B223&"-"&C223) -> FiFi-vod.fifi | F223: =F25 -> 447161.26 | G223: =G25 -> 6.5316917 | H223: =H222 -> 0.0086056725 | I223: =I222 -> 3.39 | J223: =J222 -> 1289612 | K223: =K222 -> 0.3 | L223: =Data!BM25 -> 0.0071478281 | Q223: 8736.3557 | R223: 2772.3465 | S223: 52650.145 | T223: 0.72044117
A224: Week_12 | B224: FiFi | C224: vod.fifi | E224: =IF(RIGHT(A224,3)="old","Initial",B224&"-"&C224) -> FiFi-vod.fifi | F224: =F26 -> 382858.71 | G224: =G26 -> 6.8320566 | H224: =H223 -> 0.0086056725 | I224: =I223 -> 3.39 | J224: =J223 -> 1289612 | K224: =K223 -> 0.3 | L224: =Data!BM26 -> 0.0071478281 | Q224: 7207.3766 | R224: 2266.2762 | S224: 45281.102 | T224: 0.68784326
... A264: Week_52 | B264: FiFi | C264: vod.fifi | E264: =IF(RIGHT(A264,3)="old","Initial",B264&"-"&C264) -> FiFi-vod.fifi | F264: =F66 -> 330189.5 | G264: =G66 -> 6.4579352 | H264: =H263 -> 0.0086056725 | I264: =I263 -> 3.39 | J264: =J263 -> 1289612 | K264: =K263 -> 0.3 | L264: =Data!BM66 -> 0.0072983087 | Q264: 5588.1476 | R264: 1730.5355 | S264: 32297.429 | T264: 0.60902125
A266: Week_40_old | B266: FiFi | C266: display.fifi | E266: =IF(RIGHT(A266,3)="old","Initial",B266&"-"&C266) -> Initial | F266: =F200 -> 393432.47 | G266: =G200 -> 6.2941961 | H266: =VLOOKUP(C266,parms,3,FALSE) -> 0.013595575 | I266: =VLOOKUP(C266,parms,8,FALSE) -> 3.05 | J266: =VLOOKUP(C266,parms,4,FALSE) -> 3445046.7 | K266: =VLOOKUP(C266,parms,6,FALSE) -> 0.15 | L266: =Data!BN2 -> 0.02851992 | M266: =VLOOKUP(C266,Data!$CB$2:$EB$22,1+VALUE(MID(A266,6,2)),FALSE) -> 0 | Q266: 0 | R266: 0 | S266: 0 | T266: 0
A267: Week_41_old | B267: FiFi | C267: display.fifi | E267: =IF(RIGHT(A267,3)="old","Initial",B267&"-"&C267) -> Initial | F267: =F201 -> 228081.02 | G267: =G201 -> 7.9971815 | H267: =H266 -> 0.013595575 | I267: =I266 -> 3.05 | J267: =J266 -> 3445046.7 | K267: =K266 -> 0.15 | L267: =Data!BN3 -> 0.033752933 | M267: =VLOOKUP(C267,Data!$CB$2:$EB$22,1+VALUE(MID(A267,6,2)),FALSE) -> 0 | Q267: 0 | R267: 0 | S267: 0 | T267: 0
A268: Week_42_old | B268: FiFi | C268: display.fifi | E268: =IF(RIGHT(A268,3)="old","Initial",B268&"-"&C268) -> Initial | F268: =F202 -> 317634.99 | G268: =G202 -> 6.7548153 | H268: =H267 -> 0.013595575 | I268: =I267 -> 3.05 | J268: =J267 -> 3445046.7 | K268: =K267 -> 0.15 | L268: =Data!BN4 -> 0.033752933 | M268: =VLOOKUP(C268,Data!$CB$2:$EB$22,1+VALUE(MID(A268,6,2)),FALSE) -> 0 | Q268: 0 | R268: 0 | S268: 0 | T268: 0
A269: Week_43_old | B269: FiFi | C269: display.fifi | E269: =IF(RIGHT(A269,3)="old","Initial",B269&"-"&C269) -> Initial | F269: =F203 -> 322486.62 | G269: =G203 -> 6.9739034 | H269: =H268 -> 0.013595575 | I269: =I268 -> 3.05 | J269: =J268 -> 3445046.7 | K269: =K268 -> 0.15 | L269: =Data!BN5 -> 0.033752933 | M269: =VLOOKUP(C269,Data!$CB$2:$EB$22,1+VALUE(MID(A269,6,2)),FALSE) -> 0 | Q269: 0 | R269: 0 | S269: 0 | T269: 0
A270: Week_44_old | B270: FiFi | C270: display.fifi | E270: =IF(RIGHT(A270,3)="old","Initial",B270&"-"&C270) -> Initial | F270: =F204 -> 401386.28 | G270: =G204 -> 6.2238891 | H270: =H269 -> 0.013595575 | I270: =I269 -> 3.05 | J270: =J269 -> 3445046.7 | K270: =K269 -> 0.15 | L270: =Data!BN6 -> 0.033752933 | M270: =VLOOKUP(C270,Data!$CB$2:$EB$22,1+VALUE(MID(A270,6,2)),FALSE) -> 0 | Q270: 0 | R270: 0 | S270: 0 | T270: 0
A271: Week_45_old | B271: FiFi | C271: display.fifi | E271: =IF(RIGHT(A271,3)="old","Initial",B271&"-"&C271) -> Initial | F271: =F205 -> 309588.9 | G271: =G205 -> 6.9990429 | H271: =H270 -> 0.013595575 | I271: =I270 -> 3.05 | J271: =J270 -> 3445046.7 | K271: =K270 -> 0.15 | L271: =Data!BN7 -> 0.029043221 | M271: =VLOOKUP(C271,Data!$CB$2:$EB$22,1+VALUE(MID(A271,6,2)),FALSE) -> 0 | Q271: 0 | R271: 0 | S271: 0 | T271: 0
A272: Week_46_old | B272: FiFi | C272: display.fifi | E272: =IF(RIGHT(A272,3)="old","Initial",B272&"-"&C272) -> Initial | F272: =F206 -> 309968.78 | G272: =G206 -> 6.976701 | H272: =H271 -> 0.013595575 | I272: =I271 -> 3.05 | J272: =J271 -> 3445046.7 | K272: =K271 -> 0.15 | L272: =Data!BN8 -> 0.029043221 | M272: =VLOOKUP(C272,Data!$CB$2:$EB$22,1+VALUE(MID(A272,6,2)),FALSE) -> 0 | Q272: 0 | R272: 0 | S272: 0 | T272: 0
A273: Week_47_old | B273: FiFi | C273: display.fifi | E273: =IF(RIGHT(A273,3)="old","Initial",B273&"-"&C273) -> Initial | F273: =F207 -> 454180.53 | G273: =G207 -> 6.0080329 | H273: =H272 -> 0.013595575 | I273: =I272 -> 3.05 | J273: =J272 -> 3445046.7 | K273: =K272 -> 0.15 | L273: =Data!BN9 -> 0.029043221 | M273: =VLOOKUP(C273,Data!$CB$2:$EB$22,1+VALUE(MID(A273,6,2)),FALSE) -> 0 | Q273: 0 | R273: 0 | S273: 0 | T273: 0
A274: Week_48_old | B274: FiFi | C274: display.fifi | E274: =IF(RIGHT(A274,3)="old","Initial",B274&"-"&C274) -> Initial | F274: =F208 -> 455011.74 | G274: =G208 -> 6.0449284 | H274: =H273 -> 0.013595575 | I274: =I273 -> 3.05 | J274: =J273 -> 3445046.7 | K274: =K273 -> 0.15 | L274: =Data!BN10 -> 0.029043221 | M274: =VLOOKUP(C274,Data!$CB$2:$EB$22,1+VALUE(MID(A274,6,2)),FALSE) -> 0 | Q274: 0 | R274: 0 | S274: 0 | T274: 0
A275: Week_49_old | B275: FiFi | C275: display.fifi | E275: =IF(RIGHT(A275,3)="old","Initial",B275&"-"&C275) -> Initial | F275: =F209 -> 290055.89 | G275: =G209 -> 7.3475859 | H275: =H274 -> 0.013595575 | I275: =I274 -> 3.05 | J275: =J274 -> 3445046.7 | K275: =K274 -> 0.15 | L275: =Data!BN11 -> 0.029043221 | M275: =VLOOKUP(C275,Data!$CB$2:$EB$22,1+VALUE(MID(A275,6,2)),FALSE) -> 0 | Q275: 0 | R275: 0 | S275: 0 | T275: 0
A276: Week_50_old | B276: FiFi | C276: display.fifi | E276: =IF(RIGHT(A276,3)="old","Initial",B276&"-"&C276) -> Initial | F276: =F210 -> 348451.97 | G276: =G210 -> 6.6816215 | H276: =H275 -> 0.013595575 | I276: =I275 -> 3.05 | J276: =J275 -> 3445046.7 | K276: =K275 -> 0.15 | L276: =Data!BN12 -> 0.025380112 | M276: =VLOOKUP(C276,Data!$CB$2:$EB$22,1+VALUE(MID(A276,6,2)),FALSE) -> 0 | Q276: 0 | R276: 0 | S276: 0 | T276: 0
A277: Week_51_old | B277: FiFi | C277: display.fifi | E277: =IF(RIGHT(A277,3)="old","Initial",B277&"-"&C277) -> Initial | F277: =F211 -> 427408.08 | G277: =G211 -> 6.1680815 | H277: =H276 -> 0.013595575 | I277: =I276 -> 3.05 | J277: =J276 -> 3445046.7 | K277: =K276 -> 0.15 | L277: =Data!BN13 -> 0.025380112 | M277: =VLOOKUP(C277,Data!$CB$2:$EB$22,1+VALUE(MID(A277,6,2)),FALSE) -> 0 | Q277: 0 | R277: 0 | S277: 0 | T277: 0
A278: Week_52_old | B278: FiFi | C278: display.fifi | E278: =IF(RIGHT(A278,3)="old","Initial",B278&"-"&C278) -> Initial | F278: =F212 -> 330189.5 | G278: =G212 -> 6.4579352 | H278: =H277 -> 0.013595575 | I278: =I277 -> 3.05 | J278: =J277 -> 3445046.7 | K278: =K277 -> 0.15 | L278: =Data!BN14 -> 0.025380112 | M278: =VLOOKUP(C278,Data!$CB$2:$EB$22,1+VALUE(MID(A278,6,2)),FALSE) -> 0 | Q278: 0 | R278: 0 | S278: 0 | T278: 0
A279: Week_01 | B279: FiFi | C279: display.fifi | E279: =IF(RIGHT(A279,3)="old","Initial",B279&"-"&C279) -> FiFi-display.fifi | F279: =F213 -> 340832.86 | G279: =G213 -> 6.8003507 | H279: =H278 -> 0.013595575 | I279: =I278 -> 3.05 | J279: =J278 -> 3445046.7 | K279: =K278 -> 0.15 | L279: =Data!BN15 -> 0.025380112 | Q279: 0 | R279: 0 | S279: 0 | T279: 0
A280: Week_02 | B280: FiFi | C280: display.fifi | E280: =IF(RIGHT(A280,3)="old","Initial",B280&"-"&C280) -> FiFi-display.fifi | F280: =F214 -> 439217.37 | G280: =G214 -> 6.2729203 | H280: =H279 -> 0.013595575 | I280: =I279 -> 3.05 | J280: =J279 -> 3445046.7 | K280: =K279 -> 0.15 | L280: =Data!BN16 -> 0.024071859 | Q280: 0 | R280: 0 | S280: 0 | T280: 0
A281: Week_03 | B281: FiFi | C281: display.fifi | E281: =IF(RIGHT(A281,3)="old","Initial",B281&"-"&C281) -> FiFi-display.fifi | F281: =F215 -> 392882.01 | G281: =G215 -> 6.5115708 | H281: =H280 -> 0.013595575 | I281: =I280 -> 3.05 | J281: =J280 -> 3445046.7 | K281: =K280 -> 0.15 | L281: =Data!BN17 -> 0.024071859 | Q281: 0 | R281: 0 | S281: 0 | T281: 0
A282: Week_04 | B282: FiFi | C282: display.fifi | E282: =IF(RIGHT(A282,3)="old","Initial",B282&"-"&C282) -> FiFi-display.fifi | F282: =F216 -> 287120.72 | G282: =G216 -> 7.4241409 | H282: =H281 -> 0.013595575 | I282: =I281 -> 3.05 | J282: =J281 -> 3445046.7 | K282: =K281 -> 0.15 | L282: =Data!BN18 -> 0.024071859 | Q282: 0 | R282: 0 | S282: 0 | T282: 0
A283: Week_05 | B283: FiFi | C283: display.fifi | E283: =IF(RIGHT(A283,3)="old","Initial",B283&"-"&C283) -> FiFi-display.fifi | F283: =F217 -> 319043.21 | G283: =G217 -> 7.2881301 | H283: =H282 -> 0.013595575 | I283: =I282 -> 3.05 | J283: =J282 -> 3445046.7 | K283: =K282 -> 0.15 | L283: =Data!BN19 -> 0.024071859 | Q283: 0 | R283: 0 | S283: 0 | T283: 0
A284: Week_06 | B284: FiFi | C284: display.fifi | E284: =IF(RIGHT(A284,3)="old","Initial",B284&"-"&C284) -> FiFi-display.fifi | F284: =F218 -> 242439.85 | G284: =G218 -> 8.3972136 | H284: =H283 -> 0.013595575 | I284: =I283 -> 3.05 | J284: =J283 -> 3445046.7 | K284: =K283 -> 0.15 | L284: =Data!BN20 -> 0.024856811 | Q284: 0 | R284: 0 | S284: 0 | T284: 0
...

Sheet Data
A1: Model | B1: Optimise | C1: Media | D1: Max uplift % | E1: Slope | F1: Avg media cost | G1: Carryover | H1: Spend 2020 | I1: Spend 2021 | K1: Averages | L1: Media | M1: Halo | N1: Max uplift % | O1: Slope | P1: CPM | Q1: Carryover | R1: Spend 2021 | S1: LT factor | U1: Week | V1: FiFi | W1: Data point | X1: Non media | Y1: Price | Z1: Value | AA1: CoFi | AB1: Data point | AC1: Non media | AD1: Price | AE1: Value | AF1: ReFi | AG1: Data point | AH1: Non media | AI1: Price | AJ1: Value | AL1: Description | AM1: Period | AN1: FiFi VolBase | AO1: FiFi ValBase | AP1: FiFi Price | AQ1: CoFi VolBase | AR1: CoFi ValBase | AS1: CoFi Price | AT1: ReFi VolBase | AU1: ReFi ValBase | AV1: ReFi Price | AX1: Historic Blended Average Weekly | AY1: Week | AZ1: TV | BA1: VOD | BB1: Display | BC1: Influencer | BD1: Pinterest | BE1: Social Display | BF1: Social Video | BG1: DOOH | BH1: Search | BI1: Content | BJ1: Processed | BK1: Week | BL1: TV | BM1: VOD | BN1: Display | BO1: Influencer | BP1: Pinterest | BQ1: Social Display | BR1: Social Video | BS1: DOOH | BT1: Search | BU1: Content | BW1: Short name | BX1: Group | BY1: Model | BZ1: Combo | CC1: Week_01 | CD1: Week_02 | CE1: Week_03 | CF1: Week_04 | CG1: Week_05 | CH1: Week_06 | CI1: Week_07 | CJ1: Week_08 | CK1: Week_09 | CL1: Week_10 | CM1: Week_11 | CN1: Week_12 | CO1: Week_13 | CP1: Week_14 | CQ1: Week_15 | CR1: Week_16 | CS1: Week_17 | CT1: Week_18 | CU1: Week_19 | CV1: Week_20 | CW1: Week_21 | CX1: Week_22 | CY1: Week_23 | CZ1: Week_24 | DA1: Week_25 | DB1: Week_26 | DC1: Week_27 | DD1: Week_28 | DE1: Week_29 | DF1: Week_30 | DG1: Week_31 | DH1: Week_32 | DI1: Week_33 | DJ1: Week_34 | DK1: Week_35 | DL1: Week_36 | DM1: Week_37 | DN1: Week_38 | DO1: Week_39 | DP1: Week_40 | DQ1: Week_41 | DR1: Week_42 | DS1: Week_43 | DT1: Week_44 | DU1: Week_45 | DV1: Week_46 | DW1: Week_47 | DX1: Week_48 | DY1: Week_49 | DZ1: Week_50 | EA1: Week_51 | EB1: Week_52 | ED1: Total
A2: FiFi | B2: content.fifi | C2: Content | D2: 0.0016312327 | E2: 2732.6455 | F2: 1 | G2: 0.15 | H2: 0 | I2: 40000 | L2: tv.fifi | M2: FiFi | N2: ='Est-maxuplift'!E2 -> 0.030461531 | O2: ='Est-slope'!E2 -> 63.027153 | P2: Na | Q2: {=IFERROR(AVERAGEIFS(G$2:G$90,$B$2:$B$90,$L2,$A$2:$A$90,$M2),_xlfn.IFS(LEFT(L2,2)="tv",0.65,LEFT(L2,5)="search",0,TRUE,0.15))} -> 0.65 | R2: =SUMIFS(I$2:I$90,$B$2:$B$90,$L2,$A$2:$A$90,$M2) -> 726517.95 | S2: 3.15 | W2: 03 06 2019 | X2: 283042.35 | Y2: 6.6402733 | Z2: =X2*Y2 -> 1879478.5 | AB2: 03 06 2019 | AC2: 121864.9 | AD2: 9.9271152 | AE2: =AC2*AD2 -> 1209766.9 | AG2: 03 06 2019 | AH2: 219120.81 | AI2: 6.6986849 | AJ2: =AH2*AI2 -> 1467821.3 | AL2: Week_40 | AM2: 44837 | AN2: =AVERAGEIFS(X:X,$U:$U,$AL2) -> 393432.47 | AO2: =AVERAGEIFS(Z:Z,$U:$U,$AL2) -> 2476341.1 | AP2: =AO2/AN2 -> 6.2941961 | AQ2: =AVERAGEIFS(AC:AC,$U:$U,$AL2) -> 101164.97 | AR2: =AVERAGEIFS(AE:AE,$U:$U,$AL2) -> 1109589.8 | AS2: =AR2/AQ2 -> 10.968123 | AT2: =AVERAGEIFS(AH:AH,$U:$U,$AL2) -> 159194.48 | AU2: =AVERAGEIFS(AJ:AJ,$U:$U,$AL2) -> 1220627.2 | AV2: =AU2/AT2 -> 7.6675225 | AY2: 1 | BB2: 0.0066154156 | BE2: 0.0019399621 | BF2: 0.0028615033 | BH2: 0.04199833 | BI2: 1 | BK2: Week_40_old | BL2: =BL54 -> 1830.2632 | BM2: =BM54 -> 0.0082011923 | BN2: =BN54 -> 0.02851992 | BO2: =BO54 -> 0.020641875 | BP2: =BP54 -> 0.0011943887 | BQ2: =BQ54 -> 0.0031584228 | BR2: =BR54 -> 0.004049673 | BS2: =BS54 -> 0.0077456099 | ... BU2: =BU54 -> 1 | BW2: OOH | BX2: OOH | BY2: FiFi | BZ2: =BW2&"-"&BY2 -> OOH-FiFi | CB2: tv.fifi | CC2: 0 | CD2: 42644.44 | CE2: 23703.82 | CF2: 29173.23 | CG2: 0 | CH2: 49852.96 | CI2: 0 | CJ2: 15788.51 | CK2: 0 | CL2: 30388.39 | CM2: 0 | CN2: 57141.85 | CO2: 0 | CP2: 37273.06 | CQ2: 0 | CR2: 51867.2 | CS2: 0 | CT2: 0 | CU2: 0 | CV2: 0 | CW2: 0 | CX2: 0 | CY2: 0 | CZ2: 0 | DA2: 0 | DB2: 0 | DC2: 0 | DD2: 0 | DE2: 0 | DF2: 0 | DG2: 41979.51 | DH2: 39750.61 | DI2: 53330 | DJ2: 0 | DK2: 29368.44 | DL2: 0 | DM2: 36361.79 | DN2: 731.2 | DO2: 69103.32 | DP2: 3043.56 | DQ2: 14599.11 | DR2: 396.47 | DS2: 44909.79 | DT2: 1534.66 | DU2: 51717.14 | DV2: 1858.89 | DW2: 0 | DX2: 0 | DY2: 0 | DZ2: 0 | EA2: 0 | EB2: 0 | ED2: =SUM(CC2:EB2) -> 726517.95
A3: CoFi | B3: display.cofi | C3: Display.artisan | D3: omit | E3: omit | F3: omit | G3: omit | H3: 0 | I3: 0 | L3: vod.fifi | M3: FiFi | N3: ='Est-maxuplift'!E3 -> 0.0086056725 | O3: ='Est-slope'!E3 -> 1289612 | P3: Na | Q3: {=IFERROR(AVERAGEIFS(G$2:G$90,$B$2:$B$90,$L3,$A$2:$A$90,$M3),_xlfn.IFS(LEFT(L3,2)="tv",0.65,LEFT(L3,5)="search",0,TRUE,0.15))} -> 0.3 | R3: =SUMIFS(I$2:I$90,$B$2:$B$90,$L3,$A$2:$A$90,$M3) -> 484480.75 | S3: 3.39 | W3: 10 06 2019 | X3: 287791.41 | Y3: 6.5860396 | Z3: =X3*Y3 -> 1895405.6 | AB3: 10 06 2019 | AC3: 78175.023 | AD3: 11.14216 | AE3: =AC3*AD3 -> 871038.62 | AG3: 10 06 2019 | AH3: 147335.08 | AI3: 7.4471721 | AJ3: =AH3*AI3 -> 1097229.7 | AL3: Week_41 | AM3: 44844 | AN3: =AVERAGEIFS(X:X,$U:$U,$AL3) -> 228081.02 | AO3: =AVERAGEIFS(Z:Z,$U:$U,$AL3) -> 1824005.3 | AP3: =AO3/AN3 -> 7.9971815 | AQ3: =AVERAGEIFS(AC:AC,$U:$U,$AL3) -> 147273.34 | AR3: =AVERAGEIFS(AE:AE,$U:$U,$AL3) -> 1412482.6 | AS3: =AR3/AQ3 -> 9.5908908 | AT3: =AVERAGEIFS(AH:AH,$U:$U,$AL3) -> 287016.28 | AU3: =AVERAGEIFS(AJ:AJ,$U:$U,$AL3) -> 1766262.5 | AV3: =AU3/AT3 -> 6.1538756 | AY3: 2 | AZ3: 1316.369 | BA3: 0.0039879128 | BE3: 0.002026049 | BF3: 0.0034722447 | BH3: 0.042597779 | BI3: 1 | BK3: Week_41_old | BL3: =BL55 -> 1725.3904 | BM3: =BM55 -> 0.0097059982 | BN3: =BN55 -> 0.033752933 | BO3: =BO55 -> 0.024429375 | BP3: =BP55 -> 0.0014135426 | BQ3: =BQ55 -> 0.00373795 | BR3: =BR55 -> 0.0047927322 | BS3: =BS55 -> 0.0099918368 | ... BU3: =BU55 -> 1 | BW3: Content | BX3: Content | BY3: FiFi | BZ3: =BW3&"-"&BY3 -> Content-FiFi | CB3: vod.fifi | CC3: 0 | CD3: 0 | CE3: 0 | CF3: 0 | CG3: 1436.0227 | CH3: 1571.8504 | CI3: 1421.58 | CJ3: 1088.8772 | CK3: 1671.6246 | CL3: 1577.44 | CM3: 23022.659 | CN3: 19697.065 | CO3: 18906.331 | CP3: 22825.63 | CQ3: 21184.001 | CR3: 7660.1392 | CS3: 8728.5843 | CT3: 1039.0488 | CU3: 977.01442 | CV3: 582.68699 | CW3: 1103.5272 | CX3: 127.95947 | CY3: 0 | CZ3: 0 | DA3: 0 | DB3: 0 | DC3: 0 | DD3: 0 | DE3: 0 | DF3: 5942.29 | DG3: 0 | DH3: 0 | DI3: 0 | DJ3: 1425.6109 | DK3: 5626.4132 | DL3: 9425.2481 | DM3: 38337.155 | DN3: 37373.412 | DO3: 35826.144 | DP3: 58461.9 | DQ3: 61013.154 | DR3: 60961.624 | DS3: 11255.507 | DT3: 6016.5491 | DU3: 6902.1493 | DV3: 6370.2565 | DW3: 4014.8052 | DX3: 906.49024 | DY3: 0 | DZ3: 0 | EA3: 0 | EB3: 0 | ED3: =SUM(CC3:EB3) -> 484480.75
A4: FiFi | B4: display.fifi | C4: Display.captain | D4: omit | E4: omit | F4: omit | G4: omit | H4: 0 | I4: 0 | L4: display.fifi | M4: FiFi | N4: ='Est-maxuplift'!E4 -> 0.013595575 | O4: ='Est-slope'!E4 -> 3445046.7 | P4: Na | Q4: {=IFERROR(AVERAGEIFS(G$2:G$90,$B$2:$B$90,$L4,$A$2:$A$90,$M4),_xlfn.IFS(LEFT(L4,2)="tv",0.65,LEFT(L4,5)="search",0,TRUE,0.15))} -> 0.15 | R4: =SUMIFS(I$2:I$90,$B$2:$B$90,$L4,$A$2:$A$90,$M4) -> 60893.968 | S4: 3.05 | W4: 17 06 2019 | X4: 181307.17 | Y4: 8.1951868 | Z4: =X4*Y4 -> 1485846.2 | AB4: 17 06 2019 | AC4: 128739.63 | AD4: 9.5370722 | AE4: =AC4*AD4 -> 1227799.1 | AG4: 17 06 2019 | AH4: 247909.93 | AI4: 6.4321769 | AJ4: =AH4*AI4 -> 1594600.5 | AL4: Week_42 | AM4: 44851 | AN4: =AVERAGEIFS(X:X,$U:$U,$AL4) -> 317634.99 | AO4: =AVERAGEIFS(Z:Z,$U:$U,$AL4) -> 2145565.7 | AP4: =AO4/AN4 -> 6.7548153 | AQ4: =AVERAGEIFS(AC:AC,$U:$U,$AL4) -> 140029.76 | AR4: =AVERAGEIFS(AE:AE,$U:$U,$AL4) -> 1381193.4 | AS4: =AR4/AQ4 -> 9.8635703 | AT4: =AVERAGEIFS(AH:AH,$U:$U,$AL4) -> 255707.61 | AU4: =AVERAGEIFS(AJ:AJ,$U:$U,$AL4) -> 1663227.8 | AV4: =AU4/AT4 -> 6.5044126 | AY4: 3 | AZ4: 1613.3688 | BA4: 0.0049571782 | BE4: 0.0022867439 | BF4: 0.0037593636 | BH4: 0.043849805 | BI4: 1 | BK4: Week_42_old | BL4: =BL56 -> 1946.9834 | BM4: =BM56 -> 0.0097059982 | BN4: =BN56 -> 0.033752933 | BO4: =BO56 -> 0.024429375 | BP4: =BP56 -> 0.0014135426 | BQ4: =BQ56 -> 0.00373795 | BR4: =BR56 -> 0.0047927322 | BS4: =BS56 -> 0.0099918368 | ... BU4: =BU56 -> 1 | BW4: Print | BX4: Print | BY4: FiFi | BZ4: =BW4&"-"&BY4 -> Print-FiFi | CB4: display.fifi | CC4: 0 | CD4: 0 | CE4: 0 | CF4: 0 | CG4: 4209.8236 | CH4: 3931.0998 | CI4: 3538.6097 | CJ4: 2739.5565 | CK4: 5004.0206 | CL4: 4714.9336 | CM4: 4328.5721 | CN4: 3704.6542 | CO4: 3612.011 | CP4: 4401.5938 | CQ4: 4080.3384 | CR4: 1696.0189 | CS4: 2099.8492 | CT4: 3531.5243 | CU4: 3308.7694 | CV4: 1969.4222 | CW4: 3653.8986 | CX4: 369.27204 | CY4: 0 | CZ4: 0 | DA4: 0 | DB4: 0 | DC4: 0 | DD4: 0 | DE4: 0 | DF4: 0 | DG4: 0 | DH4: 0 | DI4: 0 | DJ4: 0 | DK4: 0 | DL4: 0 | DM4: 0 | DN4: 0 | DO4: 0 | DP4: 0 | DQ4: 0 | DR4: 0 | DS4: 0 | DT4: 0 | DU4: 0 | DV4: 0 | DW4: 0 | DX4: 0 | DY4: 0 | DZ4: 0 | EA4: 0 | EB4: 0 | ED4: =SUM(CC4:EB4) -> 60893.968
A5: FiFi | B5: display.fifi | C5: Display.gob | D5: 0.010891097 | E5: 535548.58 | F5: 0.018832 | G5: 0.15 | H5: 0 | I5: 60893.968 | L5: influencer.fifi | M5: FiFi | N5: ='Est-maxuplift'!E5 -> 0.0016495032 | O5: ='Est-slope'!E5 -> 295274.9 | P5: Na | Q5: {=IFERROR(AVERAGEIFS(G$2:G$90,$B$2:$B$90,$L5,$A$2:$A$90,$M5),_xlfn.IFS(LEFT(L5,2)="tv",0.65,LEFT(L5,5)="search",0,TRUE,0.15))} -> 0.15 | R5: =SUMIFS(I$2:I$90,$B$2:$B$90,$L5,$A$2:$A$90,$M5) -> 0 | S5: 1.18 | W5: 24 06 2019 | X5: 196501.07 | Y5: 7.7397048 | Z5: =X5*Y5 -> 1520860.2 | AB5: 24 06 2019 | AC5: 90829.573 | AD5: 10.543975 | AE5: =AC5*AD5 -> 957704.74 | AG5: 24 06 2019 | AH5: 152785.13 | AI5: 7.1137461 | AJ5: =AH5*AI5 -> 1086874.7 | AL5: Week_43 | AM5: 44858 | AN5: =AVERAGEIFS(X:X,$U:$U,$AL5) -> 322486.62 | AO5: =AVERAGEIFS(Z:Z,$U:$U,$AL5) -> 2248990.6 | AP5: =AO5/AN5 -> 6.9739034 | AQ5: =AVERAGEIFS(AC:AC,$U:$U,$AL5) -> 104340.26 | AR5: =AVERAGEIFS(AE:AE,$U:$U,$AL5) -> 1144969.9 | AS5: =AR5/AQ5 -> 10.973425 | AT5: =AVERAGEIFS(AH:AH,$U:$U,$AL5) -> 187665.36 | AU5: =AVERAGEIFS(AJ:AJ,$U:$U,$AL5) -> 1351846 | AV5: =AU5/AT5 -> 7.2034924 | AY5: 4 | AZ5: 1235.0682 | BA5: 0.0044855782 | BE5: 0.0041220509 | BF5: 0.0037553197 | BH5: 0.039210065 | BI5: 1 | BK5: Week_43_old | BL5: =BL57 -> 1944.8608 | BM5: =BM57 -> 0.0097059982 | BN5: =BN57 -> 0.033752933 | BO5: =BO57 -> 0.024429375 | BP5: =BP57 -> 0.0014135426 | BQ5: =BQ57 -> 0.00373795 | BR5: =BR57 -> 0.0047927322 | BS5: =BS57 -> 0.0099918368 | ... BU5: =BU57 -> 1 | BW5: TV.Captain | BX5: TV | BY5: FiFi | BZ5: =BW5&"-"&BY5 -> TV.Captain-FiFi | CB5: influencer.fifi | CC5: 0 | CD5: 0 | CE5: 0 | CF5: 0 | CG5: 0 | CH5: 0 | CI5: 0 | CJ5: 0 | CK5: 0 | CL5: 0 | CM5: 0 | CN5: 0 | CO5: 0 | CP5: 0 | CQ5: 0 | CR5: 0 | CS5: 0 | CT5: 0 | CU5: 0 | CV5: 0 | CW5: 0 | CX5: 0 | CY5: 0 | CZ5: 0 | DA5: 0 | DB5: 0 | DC5: 0 | DD5: 0 | DE5: 0 | DF5: 0 | DG5: 0 | DH5: 0 | DI5: 0 | DJ5: 0 | DK5: 0 | DL5: 0 | DM5: 0 | DN5: 0 | DO5: 0 | DP5: 0 | DQ5: 0 | DR5: 0 | DS5: 0 | DT5: 0 | DU5: 0 | DV5: 0 | DW5: 0 | DX5: 0 | DY5: 0 | DZ5: 0 | EA5: 0 | EB5: 0 | ED5: =SUM(CC5:EB5) -> 0
A6: FiFi | B6: display.fifi | C6: Display.switchin | D6: 0.0048738833 | E6: 483890.25 | F6: 0.021105 | G6: 0.15 | H6: 188961.85 | I6: 0 | L6: social.display.fifi | M6: FiFi | N6: ='Est-maxuplift'!E6 -> 0.0042364185 | O6: ='Est-slope'!E6 -> 3365376.8 | P6: Na | Q6: {=IFERROR(AVERAGEIFS(G$2:G$90,$B$2:$B$90,$L6,$A$2:$A$90,$M6),_xlfn.IFS(LEFT(L6,2)="tv",0.65,LEFT(L6,5)="search",0,TRUE,0.15))} -> 0.15 | R6: =SUMIFS(I$2:I$90,$B$2:$B$90,$L6,$A$2:$A$90,$M6) -> 3000 | S6: 2.04 | W6: 01 07 2019 | X6: 231526.47 | Y6: 7.1636611 | Z6: =X6*Y6 -> 1658577.2 | AB6: 01 07 2019 | AC6: 110116.87 | AD6: 10.155414 | AE6: =AC6*AD6 -> 1118282.4 | AG6: 01 07 2019 | AH6: 214646.79 | AI6: 6.6264086 | AJ6: =AH6*AI6 -> 1422337.3 | AL6: Week_44 | AM6: 44865 | AN6: =AVERAGEIFS(X:X,$U:$U,$AL6) -> 401386.28 | AO6: =AVERAGEIFS(Z:Z,$U:$U,$AL6) -> 2498183.7 | AP6: =AO6/AN6 -> 6.2238891 | AQ6: =AVERAGEIFS(AC:AC,$U:$U,$AL6) -> 104172.53 | AR6: =AVERAGEIFS(AE:AE,$U:$U,$AL6) -> 1166078.1 | AS6: =AR6/AQ6 -> 11.19372 | AT6: =AVERAGEIFS(AH:AH,$U:$U,$AL6) -> 164122.55 | AU6: =AVERAGEIFS(AJ:AJ,$U:$U,$AL6) -> 1270134.5 | AV6: =AU6/AT6 -> 7.7389396 | AY6: 5 | AZ6: 1600.0804 | BA6: 0.0067221412 | BB6: 0.019621918 | BE6: 0.0028371555 | BF6: 0.0037961393 | BH6: 0.042394863 | BI6: 1 | BK6: Week_44_old | BL6: =BL58 -> 2085.2621 | BM6: =BM58 -> 0.0097059982 | BN6: =BN58 -> 0.033752933 | BO6: =BO58 -> 0.024429375 | BP6: =BP58 -> 0.0014135426 | BQ6: =BQ58 -> 0.00373795 | BR6: =BR58 -> 0.0047927322 | BS6: =BS58 -> 0.0099918368 | ... BU6: =BU58 -> 1 | BW6: TV.GOB | BX6: TV | BY6: FiFi | BZ6: =BW6&"-"&BY6 -> TV.GOB-FiFi | CB6: social.display.fifi | CC6: 0 | CD6: 0 | CE6: 0 | CF6: 0 | CG6: 0 | CH6: 0 | CI6: 0 | CJ6: 0 | CK6: 0 | CL6: 0 | CM6: 0 | CN6: 0 | CO6: 0 | CP6: 0 | CQ6: 0 | CR6: 0 | CS6: 0 | CT6: 0 | CU6: 0 | CV6: 0 | CW6: 0 | CX6: 0 | CY6: 0 | CZ6: 0 | DA6: 0 | DB6: 0 | DC6: 0 | DD6: 0 | DE6: 0 | DF6: 0 | DG6: 0 | DH6: 0 | DI6: 0 | DJ6: 0 | DK6: 0 | DL6: 0 | DM6: 0 | DN6: 3000 | DO6: 0 | DP6: 0 | DQ6: 0 | DR6: 0 | DS6: 0 | DT6: 0 | DU6: 0 | DV6: 0 | DW6: 0 | DX6: 0 | DY6: 0 | DZ6: 0 | EA6: 0 | EB6: 0 | ED6: =SUM(CC6:EB6) -> 3000
A7: FiFi | B7: display.umb | C7: Display.urf | D7: 0.023620993 | E7: 12129383 | F7: 0.004387 | G7: 0 | H7: 68840.908 | I7: 150377.89 | L7: social.video.fifi | M7: FiFi | N7: ='Est-maxuplift'!E7 -> 0.0084730704 | O7: ='Est-slope'!E7 -> 5329890.8 | P7: Na | Q7: {=IFERROR(AVERAGEIFS(G$2:G$90,$B$2:$B$90,$L7,$A$2:$A$90,$M7),_xlfn.IFS(LEFT(L7,2)="tv",0.65,LEFT(L7,5)="search",0,TRUE,0.15))} -> 0.15 | R7: =SUMIFS(I$2:I$90,$B$2:$B$90,$L7,$A$2:$A$90,$M7) -> 76507.4 | S7: 2.04 | W7: 08 07 2019 | X7: 327742.86 | Y7: 6.5064312 | Z7: =X7*Y7 -> 2132436.4 | AB7: 08 07 2019 | AC7: 84509.515 | AD7: 11.024508 | AE7: =AC7*AD7 -> 931675.84 | AG7: 08 07 2019 | AH7: 154089.58 | AI7: 7.6502481 | AJ7: =AH7*AI7 -> 1178823.5 | AL7: Week_45 | AM7: 44872 | AN7: =AVERAGEIFS(X:X,$U:$U,$AL7) -> 309588.9 | AO7: =AVERAGEIFS(Z:Z,$U:$U,$AL7) -> 2166826 | AP7: =AO7/AN7 -> 6.9990429 | AQ7: =AVERAGEIFS(AC:AC,$U:$U,$AL7) -> 167069.04 | AR7: =AVERAGEIFS(AE:AE,$U:$U,$AL7) -> 1576258.3 | AS7: =AR7/AQ7 -> 9.4347717 | AT7: =AVERAGEIFS(AH:AH,$U:$U,$AL7) -> 323596.64 | AU7: =AVERAGEIFS(AJ:AJ,$U:$U,$AL7) -> 1953399.5 | AV7: =AU7/AT7 -> 6.0365261 | AY7: 6 | AZ7: 1560.3789 | BA7: 0.0089621301 | BB7: 0.020252648 | BE7: 0.004492921 | BF7: 0.0037918094 | BH7: 0.035029386 | BI7: 1 | BK7: Week_45_old | BL7: =BL59 -> 1650.6524 | BM7: =BM59 -> 0.0083516729 | BN7: =BN59 -> 0.029043221 | BO7: =BO59 -> 0.021020625 | BP7: =BP59 -> 0.0012163041 | BQ7: =BQ59 -> 0.0032163756 | BR7: =BR59 -> 0.0041239789 | BS7: =BS59 -> 0.008597627 | ... BU7: =BU59 -> 1 | BW7: VOD.FishFriday | BX7: VOD | BY7: FiFi | BZ7: =BW7&"-"&BY7 -> VOD.FishFriday-FiFi | CB7: social.video.fifi | CC7: 0 | CD7: 0 | CE7: 0 | CF7: 0 | CG7: 0 | CH7: 0 | CI7: 0 | CJ7: 0 | CK7: 0 | CL7: 0 | CM7: 0 | CN7: 0 | CO7: 0 | CP7: 0 | CQ7: 0 | CR7: 0 | CS7: 0 | CT7: 0 | CU7: 0 | CV7: 0 | CW7: 0 | CX7: 0 | CY7: 0 | CZ7: 0 | DA7: 0 | DB7: 0 | DC7: 0 | DD7: 0 | DE7: 0 | DF7: 0 | DG7: 0 | DH7: 0 | DI7: 0 | DJ7: 0 | DK7: 0 | DL7: 6703.19 | DM7: 16870.41 | DN7: 10673.59 | DO7: 8850.08 | DP7: 10858.38 | DQ7: 4980.16 | DR7: 10776.16 | DS7: 6795.43 | DT7: 0 | DU7: 0 | DV7: 0 | DW7: 0 | DX7: 0 | DY7: 0 | DZ7: 0 | EA7: 0 | EB7: 0 | ED7: =SUM(CC7:EB7) -> 76507.4
A8: CoFi | B8: display.umb | C8: Display.urf | D8: 0.0089753631 | E8: 6237669.2 | F8: 0.004387 | G8: 0 | H8: 68840.908 | I8: 150377.89 | L8: content.fifi | M8: FiFi | N8: ='Est-maxuplift'!E8 -> 0.0016312327 | O8: ='Est-slope'!E8 -> 2732.6455 | P8: Na | Q8: {=IFERROR(AVERAGEIFS(G$2:G$90,$B$2:$B$90,$L8,$A$2:$A$90,$M8),_xlfn.IFS(LEFT(L8,2)="tv",0.65,LEFT(L8,5)="search",0,TRUE,0.15))} -> 0.15 | R8: =SUMIFS(I$2:I$90,$B$2:$B$90,$L8,$A$2:$A$90,$M8) -> 40000 | S8: 1 | W8: 15 07 2019 | X8: 198558.11 | Y8: 7.8523423 | Z8: =X8*Y8 -> 1559146.2 | AB8: 15 07 2019 | AC8: 139104.46 | AD8: 9.3277546 | AE8: =AC8*AD8 -> 1297532.3 | AG8: 15 07 2019 | AH8: 298636.91 | AI8: 6.0858561 | AJ8: =AH8*AI8 -> 1817461.3 | AL8: Week_46 | AM8: 44879 | AN8: =AVERAGEIFS(X:X,$U:$U,$AL8) -> 309968.78 | AO8: =AVERAGEIFS(Z:Z,$U:$U,$AL8) -> 2162559.5 | AP8: =AO8/AN8 -> 6.976701 | AQ8: =AVERAGEIFS(AC:AC,$U:$U,$AL8) -> 134663.47 | AR8: =AVERAGEIFS(AE:AE,$U:$U,$AL8) -> 1389422 | AS8: =AR8/AQ8 -> 10.317736 | AT8: =AVERAGEIFS(AH:AH,$U:$U,$AL8) -> 248353.3 | AU8: =AVERAGEIFS(AJ:AJ,$U:$U,$AL8) -> 1657885.6 | AV8: =AU8/AT8 -> 6.6755127 | AY8: 7 | AZ8: 1755.0705 | BA8: 0.01078638 | BB8: 0.019366297 | BE8: 0.0045274057 | BF8: 0.0035045243 | BH8: 0.035119029 | BI8: 1 | BK8: Week_46_old | BL8: =BL60 -> 1731.9975 | BM8: =BM60 -> 0.0083516729 | BN8: =BN60 -> 0.029043221 | BO8: =BO60 -> 0.021020625 | BP8: =BP60 -> 0.0012163041 | BQ8: =BQ60 -> 0.0032163756 | BR8: =BR60 -> 0.0041239789 | BS8: =BS60 -> 0.008597627 | ... BU8: =BU60 -> 1 | BW8: VOD.Crosspreroll | BX8: VOD | BY8: FiFi | BZ8: =BW8&"-"&BY8 -> VOD.Crosspreroll-FiFi | CB8: content.fifi | CC8: 0 | CD8: 0 | CE8: 0 | CF8: 0 | CG8: 0 | CH8: 0 | CI8: 0 | CJ8: 0 | CK8: 0 | CL8: 0 | CM8: 0 | CN8: 0 | CO8: 0 | CP8: 0 | CQ8: 0 | CR8: 0 | CS8: 0 | CT8: 0 | CU8: 0 | CV8: 0 | CW8: 0 | CX8: 0 | CY8: 0 | CZ8: 0 | DA8: 0 | DB8: 0 | DC8: 0 | DD8: 0 | DE8: 0 | DF8: 0 | DG8: 0 | DH8: 0 | DI8: 0 | DJ8: 0 | DK8: 0 | DL8: 0 | DM8: 3509.7267 | DN8: 3509.7267 | DO8: 3509.7267 | DP8: 5438.0675 | DQ8: 5438.0675 | DR8: 5438.0675 | DS8: 5438.0675 | DT8: 1929.6375 | DU8: 1929.6375 | DV8: 1929.6375 | DW8: 1929.6375 | DX8: 0 | DY8: 0 | DZ8: 0 | EA8: 0 | EB8: 0 | ED8: =SUM(CC8:EB8) -> 40000
A9: ReFi | B9: display.umb | C9: Display.urf | D9: 0.022652309 | E9: 14223116 | F9: 0.004387 | G9: 0 | H9: 68840.908 | I9: 150377.89 | W9: 22 07 2019 | X9: 241523.76 | Y9: 6.9297973 | Z9: =X9*Y9 -> 1673710.7 | AB9: 22 07 2019 | AC9: 71896.205 | AD9: 11.406985 | AE9: =AC9*AD9 -> 820118.97 | AG9: 22 07 2019 | AH9: 174677.85 | AI9: 6.862607 | AJ9: =AH9*AI9 -> 1198745.4 | AL9: Week_47 | AM9: 44886 | AN9: =AVERAGEIFS(X:X,$U:$U,$AL9) -> 454180.53 | AO9: =AVERAGEIFS(Z:Z,$U:$U,$AL9) -> 2728731.6 | AP9: =AO9/AN9 -> 6.0080329 | AQ9: =AVERAGEIFS(AC:AC,$U:$U,$AL9) -> 122703.84 | AR9: =AVERAGEIFS(AE:AE,$U:$U,$AL9) -> 1283028.5 | AS9: =AR9/AQ9 -> 10.456303 | AT9: =AVERAGEIFS(AH:AH,$U:$U,$AL9) -> 247930.7 | AU9: =AVERAGEIFS(AJ:AJ,$U:$U,$AL9) -> 1660831.8 | AV9: =AU9/AT9 -> 6.6987744 | AY9: 8 | AZ9: 1419.9591 | BA9: 0.010995641 | BB9: 0.019675775 | BE9: 0.0058891681 | BF9: 0.0036041499 | BH9: 0.036394056 | BI9: 1 | BK9: Week_47_old | BL9: =BL61 -> 2385.2246 | BM9: =BM61 -> 0.0083516729 | BN9: =BN61 -> 0.029043221 | BO9: =BO61 -> 0.021020625 | BP9: =BP61 -> 0.0012163041 | BQ9: =BQ61 -> 0.0032163756 | BR9: =BR61 -> 0.0041239789 | BS9: =BS61 -> 0.008597627 | ... BU9: =BU61 -> 1 | BW9: VOD.GOB | BX9: VOD | BY9: FiFi | BZ9: =BW9&"-"&BY9 -> VOD.GOB-FiFi | CB9: tv.cofi | CC9: 0 | CD9: 23621.83 | CE9: 24466.02 | CF9: 34744.38 | CG9: 0 | CH9: 62985.93 | CI9: 0 | CJ9: 22710.9 | CK9: 0 | CL9: 36634.52 | CM9: 0 | CN9: 46897.93 | CO9: 0 | CP9: 37057.6 | CQ9: 0 | CR9: 83816.29 | CS9: 0 | CT9: 0 | CU9: 0 | CV9: 0 | CW9: 0 | CX9: 0 | CY9: 0 | CZ9: 0 | DA9: 0 | DB9: 0 | DC9: 0 | DD9: 0 | DE9: 0 | DF9: 0 | DG9: 42660.42 | DH9: 48750.99 | DI9: 53293.26 | DJ9: 0 | DK9: 105249.43 | DL9: 1215.42 | DM9: 42804.42 | DN9: 190.48 | DO9: 37865.43 | DP9: 2842.58 | DQ9: 51146.69 | DR9: 2167.87 | DS9: 43096.66 | DT9: 695.2 | DU9: 35882.61 | DV9: 854.94 | DW9: 0 | DX9: 0 | DY9: 0 | DZ9: 0 | EA9: 0 | EB9: 0 | ED9: =SUM(CC9:EB9) -> 841651.8
A10: CoFi | B10: dooh.cofi | C10: Dooh | D10: omit | E10: omit | F10: omit | G10: omit | H10: 0 | I10: 0 | L10: tv.fifi | M10: CoFi | N10: ='Est-maxuplift'!E10 -> 0.0041802592 | O10: ='Est-slope'!E10 -> 84.453237 | P10: Na | Q10: {=IFERROR(AVERAGEIFS(G$2:G$90,$B$2:$B$90,$L10,$A$2:$A$90,$M10),_xlfn.IFS(LEFT(L10,2)="tv",0.65,LEFT(L10,5)="search",0,TRUE,0.15))} -> 0.65 | R10: =SUMIFS(I$2:I$90,$B$2:$B$90,$L10,$A$2:$A$90,$M10) -> 0 | S10: 3.15 | W10: 29 07 2019 | X10: 193580.65 | Y10: 8.1100601 | Z10: =X10*Y10 -> 1569950.7 | AB10: 29 07 2019 | AC10: 130833.15 | AD10: 9.7367041 | AE10: =AC10*AD10 -> 1273883.7 | AG10: 29 07 2019 | AH10: 164427.66 | AI10: 7.1044392 | AJ10: =AH10*AI10 -> 1168166.3 | AL10: Week_48 | AM10: 44893 | AN10: =AVERAGEIFS(X:X,$U:$U,$AL10) -> 455011.74 | AO10: =AVERAGEIFS(Z:Z,$U:$U,$AL10) -> 2750513.4 | AP10: =AO10/AN10 -> 6.0449284 | AQ10: =AVERAGEIFS(AC:AC,$U:$U,$AL10) -> 103976.5 | AR10: =AVERAGEIFS(AE:AE,$U:$U,$AL10) -> 1149256.1 | AS10: =AR10/AQ10 -> 11.053037 | AT10: =AVERAGEIFS(AH:AH,$U:$U,$AL10) -> 151738.38 | AU10: =AVERAGEIFS(AJ:AJ,$U:$U,$AL10) -> 1208553.5 | AV10: =AU10/AT10 -> 7.9647184 | AY10: 9 | AZ10: 1825.6779 | BA10: 0.011652882 | BB10: 0.023267372 | BE10: 0.0078396508 | BF10: 0.0036013329 | BH10: 0.039384678 | BI10: 1 | BK10: Week_48_old | BL10: =BL62 -> 2385.2246 | BM10: =BM62 -> 0.0083516729 | BN10: =BN62 -> 0.029043221 | BO10: =BO62 -> 0.021020625 | BP10: =BP62 -> 0.0012163041 | BQ10: =BQ62 -> 0.0032163756 | BR10: =BR62 -> 0.0041239789 | BS10: =BS62 -> 0.008597627 | ... BU10: =BU62 -> 1 | BW10: Display.Captain | BX10: Display | BY10: FiFi | BZ10: =BW10&"-"&BY10 -> Display.Captain-FiFi | CB10: display.cofi | CC10: 0 | CD10: 0 | CE10: 0 | CF10: 0 | CG10: 0 | CH10: 0 | CI10: 0 | CJ10: 0 | CK10: 0 | CL10: 0 | CM10: 0 | CN10: 0 | CO10: 0 | CP10: 0 | CQ10: 0 | CR10: 0 | CS10: 0 | CT10: 0 | CU10: 0 | CV10: 0 | CW10: 0 | CX10: 0 | CY10: 0 | CZ10: 0 | DA10: 0 | DB10: 0 | DC10: 0 | DD10: 0 | DE10: 0 | DF10: 0 | DG10: 0 | DH10: 0 | DI10: 0 | DJ10: 0 | DK10: 0 | DL10: 0 | DM10: 0 | DN10: 0 | DO10: 0 | DP10: 0 | DQ10: 0 | DR10: 0 | DS10: 0 | DT10: 0 | DU10: 0 | DV10: 0 | DW10: 0 | DX10: 0 | DY10: 0 | DZ10: 0 | EA10: 0 | EB10: 0 | ED10: =SUM(CC10:EB10) -> 0
A11: FiFi | B11: influencer.fifi | C11: Influencer | D11: 0.0016495032 | E11: 295274.9 | F11: 0.018938 | G11: 0.15 | H11: 0 | I11: 0 | L11: tv.fifi | M11: ReFi | N11: ='Est-maxuplift'!E11 -> 0.0057091598 | O11: ='Est-slope'!E11 -> 108.8223 | P11: Na | Q11: {=IFERROR(AVERAGEIFS(G$2:G$90,$B$2:$B$90,$L11,$A$2:$A$90,$M11),_xlfn.IFS(LEFT(L11,2)="tv",0.65,LEFT(L11,5)="search",0,TRUE,0.15))} -> 0.65 | R11: =SUMIFS(I$2:I$90,$B$2:$B$90,$L11,$A$2:$A$90,$M11) -> 0 | S11: 3.15 | W11: 05 08 2019 | X11: 336793.61 | Y11: 6.4604668 | Z11: =X11*Y11 -> 2175843.9 | AB11: 05 08 2019 | AC11: 85722.572 | AD11: 10.944379 | AE11: =AC11*AD11 -> 938180.36 | AG11: 05 08 2019 | AH11: 162988.71 | AI11: 7.3908194 | AJ11: =AH11*AI11 -> 1204620.1 | AL11: Week_49 | AM11: 44900 | AN11: =AVERAGEIFS(X:X,$U:$U,$AL11) -> 290055.89 | AO11: =AVERAGEIFS(Z:Z,$U:$U,$AL11) -> 2131210.6 | AP11: =AO11/AN11 -> 7.3475859 | AQ11: =AVERAGEIFS(AC:AC,$U:$U,$AL11) -> 111788.15 | AR11: =AVERAGEIFS(AE:AE,$U:$U,$AL11) -> 1205444.6 | AS11: =AR11/AQ11 -> 10.783294 | AT11: =AVERAGEIFS(AH:AH,$U:$U,$AL11) -> 198057.5 | AU11: =AVERAGEIFS(AJ:AJ,$U:$U,$AL11) -> 1406784.2 | AV11: =AU11/AT11 -> 7.1029079 | AY11: 10 | AZ11: 1504.6108 | BA11: 0.013183995 | BB11: 0.023543943 | BF11: 0.0042924584 | BH11: 0.037814309 | BI11: 1 | BK11: Week_49_old | BL11: =BL63 -> 2385.2246 | BM11: =BM63 -> 0.0083516729 | BN11: =BN63 -> 0.029043221 | BO11: =BO63 -> 0.021020625 | BP11: =BP63 -> 0.0012163041 | BQ11: =BQ63 -> 0.0032163756 | BR11: =BR63 -> 0.0041239789 | BS11: =BS63 -> 0.008597627 | ... BU11: =BU63 -> 1 | BW11: Display.SwitchIn | BX11: Display | BY11: FiFi | BZ11: =BW11&"-"&BY11 -> Display.SwitchIn-FiFi | CB11: social.video.cofi | CC11: 0 | CD11: 0 | CE11: 0 | CF11: 0 | CG11: 0 | CH11: 0 | CI11: 0 | CJ11: 0 | CK11: 0 | CL11: 0 | CM11: 0 | CN11: 0 | CO11: 0 | CP11: 0 | CQ11: 0 | CR11: 0 | CS11: 0 | CT11: 0 | CU11: 0 | CV11: 0 | CW11: 0 | CX11: 0 | CY11: 0 | CZ11: 0 | DA11: 0 | DB11: 0 | DC11: 0 | DD11: 0 | DE11: 0 | DF11: 0 | DG11: 6962.42 | DH11: 14059.42 | DI11: 12428.17 | DJ11: 7959.93 | DK11: 8400.41 | DL11: 8606.35 | DM11: 7422.02 | DN11: 6000.41 | DO11: 7063.1 | DP11: 0 | DQ11: 0 | DR11: 0 | DS11: 0 | DT11: 0 | DU11: 0 | DV11: 0 | DW11: 0 | DX11: 0 | DY11: 0 | DZ11: 0 | EA11: 0 | EB11: 0 | ED11: =SUM(CC11:EB11) -> 78902.23
A12: FiFi | B12: search.umb | C12: Search.umbrella | D12: omit | E12: omit | F12: omit | G12: omit | H12: 0 | I12: 19028.2 | W12: 12 08 2019 | X12: 235993.12 | Y12: 7.8487883 | Z12: =X12*Y12 -> 1852260 | AB12: 12 08 2019 | AC12: 113701.99 | AD12: 10.065668 | AE12: =AC12*AD12 -> 1144486.5 | AG12: 12 08 2019 | AH12: 240080.37 | AI12: 6.5072372 | AJ12: =AH12*AI12 -> 1562259.9 | AL12: Week_50 | AM12: 44907 | AN12: =AVERAGEIFS(X:X,$U:$U,$AL12) -> 348451.97 | AO12: =AVERAGEIFS(Z:Z,$U:$U,$AL12) -> 2328224.2 | AP12: =AO12/AN12 -> 6.6816215 | AQ12: =AVERAGEIFS(AC:AC,$U:$U,$AL12) -> 169487.33 | AR12: =AVERAGEIFS(AE:AE,$U:$U,$AL12) -> 1602734.4 | AS12: =AR12/AQ12 -> 9.4563669 | AT12: =AVERAGEIFS(AH:AH,$U:$U,$AL12) -> 275989.35 | AU12: =AVERAGEIFS(AJ:AJ,$U:$U,$AL12) -> 1753096.6 | AV12: =AU12/AT12 -> 6.3520446 | AY12: 11 | AZ12: 1970.6821 | BA12: 0.0047002271 | BB12: 0.02191671 | BF12: 0.004403444 | BH12: 0.038433137 | BI12: 1 | BK12: Week_50_old | BL12: =BL64 -> 2011.4208 | BM12: =BM64 -> 0.0072983087 | BN12: =BN64 -> 0.025380112 | BO12: =BO64 -> 0.018369375 | BP12: =BP64 -> 0.0010628964 | BQ12: =BQ64 -> 0.0028107066 | BR12: =BR64 -> 0.0036038374 | BS12: =BS64 -> 0.0075132416 | ... BU12: =BU64 -> 1 | BW12: Display.GOB | BX12: Display | BY12: FiFi | BZ12: =BW12&"-"&BY12 -> Display.GOB-FiFi | CB12: vod.cofi | CC12: 0 | CD12: 0 | CE12: 0 | CF12: 0 | CG12: 5637.2343 | CH12: 5563.7168 | CI12: 5015.1355 | CJ12: 3892.0386 | CK12: 6711.4841 | CL12: 6327.2552 | CM12: 5813.8193 | CN12: 4976.6585 | CO12: 4926.0878 | CP12: 6005.6951 | CQ12: 5569.4645 | CR12: 1842.6712 | CS12: 1889.1363 | CT12: 2874.1915 | CU12: 2695.1912 | CV12: 1614.2769 | CW12: 3178.8217 | CX12: 334.65249 | CY12: 0 | CZ12: 0 | DA12: 0 | DB12: 0 | DC12: 0 | DD12: 0 | DE12: 0 | DF12: 5942.4 | DG12: 0 | DH12: 16781.256 | DI12: 18870.044 | DJ12: 19464.058 | DK12: 38088.136 | DL12: 16762.552 | DM12: 6274.4264 | DN12: 1455.3667 | DO12: 21742.01 | DP12: 1464.8287 | DQ12: 1465.2285 | DR12: 1465.2684 | DS12: 1272.9262 | DT12: 21247.719 | DU12: 1426.8927 | DV12: 1377.14 | DW12: 1476.0615 | DX12: 3356.7446 | DY12: 0 | DZ12: 0 | EA12: 0 | EB12: 0 | ED12: =SUM(CC12:EB12) -> 254800.59
A13: FiFi | B13: search.umb | C13: Search.urf | D13: 0.0078493452 | E13: 75851.738 | F13: 0.024456 | G13: 0 | H13: 7504.84 | I13: 0 | L13: tv.cofi | M13: CoFi | N13: ='Est-maxuplift'!E13 -> 0.026800754 | O13: ='Est-slope'!E13 -> 55.239409 | P13: Na | Q13: {=IFERROR(AVERAGEIFS(G$2:G$90,$B$2:$B$90,$L13,$A$2:$A$90,$M13),_xlfn.IFS(LEFT(L13,2)="tv",0.65,LEFT(L13,5)="search",0,TRUE,0.15))} -> 0.65 | R13: =SUMIFS(I$2:I$90,$B$2:$B$90,$L13,$A$2:$A$90,$M13) -> 841651.8 | S13: 3.15 | W13: 19 08 2019 | X13: 286324.63 | Y13: 6.7951684 | Z13: =X13*Y13 -> 1945624.1 | AB13: 19 08 2019 | AC13: 81896.954 | AD13: 10.970697 | AE13: =AC13*AD13 -> 898466.64 | AG13: 19 08 2019 | AH13: 161534.49 | AI13: 7.2590456 | AJ13: =AH13*AI13 -> 1172586.2 | AL13: Week_51 | AM13: 44914 | AN13: =AVERAGEIFS(X:X,$U:$U,$AL13) -> 427408.08 | AO13: =AVERAGEIFS(Z:Z,$U:$U,$AL13) -> 2636287.9 | AP13: =AO13/AN13 -> 6.1680815 | AQ13: =AVERAGEIFS(AC:AC,$U:$U,$AL13) -> 103985 | AR13: =AVERAGEIFS(AE:AE,$U:$U,$AL13) -> 1150990 | AS13: =AR13/AQ13 -> 11.068809 | AT13: =AVERAGEIFS(AH:AH,$U:$U,$AL13) -> 260275.96 | AU13: =AVERAGEIFS(AJ:AJ,$U:$U,$AL13) -> 1715302.7 | AV13: =AU13/AT13 -> 6.5903234 | AY13: 12 | AZ13: 1732.3697 | BA13: 0.0052434951 | BB13: 0.0207453 | BF13: 0.0044656779 | BH13: 0.038420307 | BI13: 1 | BK13: Week_51_old | BL13: =BL65 -> 2011.4208 | BM13: =BM65 -> 0.0072983087 | BN13: =BN65 -> 0.025380112 | BO13: =BO65 -> 0.018369375 | BP13: =BP65 -> 0.0010628964 | BQ13: =BQ65 -> 0.0028107066 | BR13: =BR65 -> 0.0036038374 | BS13: =BS65 -> 0.0075132416 | ... BU13: =BU65 -> 1 | BW13: Influencer | BX13: Influencer | BY13: FiFi | BZ13: =BW13&"-"&BY13 -> Influencer-FiFi | CB13: dooh.cofi | CC13: 0 | CD13: 0 | CE13: 0 | CF13: 0 | CG13: 0 | CH13: 0 | CI13: 0 | CJ13: 0 | CK13: 0 | CL13: 0 | CM13: 0 | CN13: 0 | CO13: 0 | CP13: 0 | CQ13: 0 | CR13: 0 | CS13: 0 | CT13: 0 | CU13: 0 | CV13: 0 | CW13: 0 | CX13: 0 | CY13: 0 | CZ13: 0 | DA13: 0 | DB13: 0 | DC13: 0 | DD13: 0 | DE13: 0 | DF13: 0 | DG13: 0 | DH13: 0 | DI13: 0 | DJ13: 0 | DK13: 0 | DL13: 0 | DM13: 0 | DN13: 0 | DO13: 0 | DP13: 0 | DQ13: 0 | DR13: 0 | DS13: 0 | DT13: 0 | DU13: 0 | DV13: 0 | DW13: 0 | DX13: 0 | DY13: 0 | DZ13: 0 | EA13: 0 | EB13: 0 | ED13: =SUM(CC13:EB13) -> 0
